id,user_id,title,description,slug,active,questions,image,premium,type,prompt,custom_template,tone_of_voice,color,filters,package,created_at,updated_at
1,NULL,"Post Title Generator","Get captivating post titles instantly with our title generator. Boost engagement and save time.",post_title_generator,1,"[{""name"":""your_description"",""type"":""textarea"",""question"":""Description"",""select"":""""}]","<svg xmlns=""http://www.w3.org/2000/svg"" height=""48"" viewBox=""0 96 960 960"" width=""48""><path d=""M430 896V356H200V256h560v100H530v540H430Z""/></svg>",0,text,NULL,0,0,#A3D6C2,blog,NULL,2025-09-26T14:23:05.000000Z,2025-09-26T14:23:05.000000Z
2,NULL,"Summarize Text","Effortlessly condense large text into shorter summaries. Save time and increase productivity.",summarize_text,1,"[{""name"":""text_to_summary"",""type"":""textarea"",""question"":""Text to summary"",""select"":""""}]","<svg xmlns=""http://www.w3.org/2000/svg"" height=""48"" viewBox=""0 96 960 960"" width=""48""><path d=""M120 816v-60h480v60H120Zm0-210v-60h720v60H120Zm0-210v-60h720v60H120Z""/></svg>",0,text,NULL,0,0,#CCD9B8,blog,NULL,2025-09-26T14:23:06.000000Z,2025-09-26T14:23:06.000000Z
3,NULL,"Product Description","Easily create compelling product descriptions that sell. Increase conversions and boost sales.",product_description,1,"[{""name"":""product_name"",""type"":""text"",""question"":""Product Name"",""select"":""""},{""name"":""description"",""type"":""textarea"",""question"":""Short Description"",""select"":""""}]","<svg xmlns=""http://www.w3.org/2000/svg"" height=""48"" viewBox=""0 96 960 960"" width=""48""><path d=""M319 806h322v-60H319v60Zm0-170h322v-60H319v60Zm-99 340q-24 0-42-18t-18-42V236q0-24 18-42t42-18h361l219 219v521q0 24-18 42t-42 18H220Zm331-554h189L551 236v186Z""/></svg>",0,text,NULL,0,0,#C2DEDD,ecommerce,NULL,2025-09-26T14:23:06.000000Z,2025-09-26T14:23:06.000000Z
4,NULL,"Article Generator","Instantly create unique articles on any topic. Boost engagement, improve SEO, and save time.",article_generator,1,"[{""name"":""article_title"",""type"":""text"",""question"":""Article Title"",""select"":""""},{""name"":""focus_keywords"",""type"":""text"",""question"":""Focus Keywords (Seperate with Comma)"",""select"":""""}]","<svg xmlns=""http://www.w3.org/2000/svg"" height=""48"" viewBox=""0 96 960 960"" width=""48""><path d=""M140 936q-24.75 0-42.375-17.625T80 876V216l67 67 66-67 67 67 67-67 66 67 67-67 67 67 66-67 67 67 67-67 66 67 67-67v660q0 24.75-17.625 42.375T820 936H140Zm0-60h310V596H140v280Zm370 0h310V766H510v110Zm0-170h310V596H510v110ZM140 536h680V416H140v120Z""/></svg>",0,text,NULL,0,0,#A3D6C2,blog,NULL,2025-09-26T14:23:06.000000Z,2025-09-26T14:23:06.000000Z
5,NULL,"Product Name Generator","Create catchy product names with ease. Attract customers and boost sales effortlessly.",product_name,1,"[{""name"":""seed_words"",""type"":""text"",""question"":""Seed Words (Seperate With Comma)"",""select"":""""},{""name"":""product_description"",""type"":""textarea"",""question"":""Product Description"",""select"":""""}]","<svg xmlns=""http://www.w3.org/2000/svg"" height=""48"" viewBox=""0 96 960 960"" width=""48""><path d=""M290 896V356H80V256h520v100H390v540H290Zm360 0V556H520V456h360v100H750v340H650Z""/></svg>",0,text,NULL,0,0,#C2DEDD,ecommerce,NULL,2025-09-26T14:23:07.000000Z,2025-09-26T14:23:07.000000Z
6,NULL,"Testimonial Review","Instantly generate authentic testimonials. Build trust and credibility with genuine reviews.",testimonial_review,1,"[{""name"":""subject"",""type"":""textarea"",""question"":""Subject"",""select"":""""}]","<svg xmlns=""http://www.w3.org/2000/svg"" height=""40"" viewBox=""0 96 960 960"" width=""40""><path d=""m233 976 65-281L80 506l288-25 112-265 112 265 288 25-218 189 65 281-247-149-247 149Z""/></svg>",0,text,NULL,0,0,#A3A7D6,ecommerce,NULL,2025-09-26T14:23:07.000000Z,2025-09-26T14:23:07.000000Z
7,NULL,"Problem Agitate Solution","Identify and solve problems efficiently. Streamline solutions and increase productivity.",problem_agitate_solution,1,"[{""name"":""description"",""type"":""textarea"",""question"":""Description"",""select"":""""}]","<svg xmlns=""http://www.w3.org/2000/svg"" height=""48"" viewBox=""0 96 960 960"" width=""48""><path d=""m772 421-43-100-104-46 104-45 43-95 43 95 104 45-104 46-43 100Zm0 595-43-96-104-45 104-45 43-101 43 101 104 45-104 45-43 96ZM333 862l-92-197-201-90 201-90 92-196 93 196 200 90-200 90-93 197Zm0-148 48-96 98-43-98-43-48-96-47 96-99 43 99 43 47 96Zm0-139Z""/></svg>",0,text,NULL,0,0,#E0BFC9,development,NULL,2025-09-26T14:23:08.000000Z,2025-09-26T14:23:08.000000Z
8,NULL,"Blog Section","Effortlessly create blog sections with AI. Get unique, engaging content and save time.",blog_section,1,"[{""name"":""description"",""type"":""textarea"",""question"":""Description"",""select"":""""}]","<svg xmlns=""http://www.w3.org/2000/svg"" height=""48"" viewBox=""0 96 960 960"" width=""48""><path d=""M180 936q-24.75 0-42.375-17.625T120 876V276q0-24.75 17.625-42.375T180 216h600q24.75 0 42.375 17.625T840 276v600q0 24.75-17.625 42.375T780 936H180Zm0-60h600V356H180v520Zm100-310v-60h390v60H280Zm0 160v-60h230v60H280Z""/></svg>",0,text,NULL,0,0,#A3D6C2,blog,NULL,2025-09-26T14:23:08.000000Z,2025-09-26T14:23:08.000000Z
9,NULL,"Blog Post Ideas","Unlock your creativity with unique blog post ideas. Generate endless inspiration and take your content to the next level.",blog_post_ideas,1,"[{""name"":""description"",""type"":""textarea"",""question"":""Description"",""select"":""""}]","<svg xmlns=""http://www.w3.org/2000/svg"" height=""48"" viewBox=""0 96 960 960"" width=""48""><path d=""M360 896q-134 0-227-93T40 576q0-134 93-227t227-93q134 0 227 93t93 227q0 134-93 227t-227 93Zm-.235-60Q468 836 544 760.235q76-75.764 76-184Q620 468 544.235 392q-75.764-76-184-76Q252 316 176 391.765q-76 75.764-76 184Q100 684 175.765 760q75.764 76 184 76ZM330 706h60V506h80v-40H250v40h80v200Zm454-298-42-94-94-42 94-42 42-94 42 94 94 42-94 42-42 94Zm0 608-42-94-94-42 94-42 42-94 42 94 94 42-94 42-42 94ZM360 576Z""/></svg>",0,text,NULL,0,0,#A3D6C2,blog,NULL,2025-09-26T14:23:09.000000Z,2025-09-26T14:23:09.000000Z
10,NULL,"Blog Intros","Set the tone for your blog post with captivating intros. Grab readers' attention and keep them engaged.",blog_intros,1,"[{""name"":""title"",""type"":""text"",""question"":""Title of blog text"",""select"":""""},{""name"":""description"",""type"":""textarea"",""question"":""Description of your need"",""select"":""""}]","<svg xmlns=""http://www.w3.org/2000/svg"" height=""48"" viewBox=""0 96 960 960"" width=""48""><path d=""M80 976v-60h800v60H80Zm210-450V426h380v100H290Zm0 240V666h380v100H290Z""/></svg>",0,text,NULL,0,0,#A3D6C2,blog,NULL,2025-09-26T14:23:10.000000Z,2025-09-26T14:23:10.000000Z
11,NULL,"Blog Conclusion","End your blog posts on a high note. Craft memorable conclusions that leave a lasting impact.",blog_conclusion,1,"[{""name"":""title"",""type"":""text"",""question"":""Title of the blog text"",""select"":""""},{""name"":""description"",""type"":""textarea"",""question"":""Description"",""select"":""""}]","<svg xmlns=""http://www.w3.org/2000/svg"" height=""48"" viewBox=""0 96 960 960"" width=""48""><path d=""M80 236v-60h800v60H80Zm210 250V386h380v100H290Zm0 240V626h380v100H290Z""/></svg>",0,text,NULL,0,0,#A3D6C2,blog,NULL,2025-09-26T14:23:10.000000Z,2025-09-26T14:23:10.000000Z
12,NULL,"Facebook Ads","Create high-converting Facebook ads that grab attention. Drive sales and grow your business.",facebook_ads,1,"[{""name"":""title"",""type"":""text"",""question"":""Title"",""select"":""""},{""name"":""description"",""type"":""textarea"",""question"":""Description"",""select"":""""}]","<svg width=""9"" height=""16"" viewBox=""0 0 9 16"" fill=""none"" xmlns=""http://www.w3.org/2000/svg"">
<path d=""M5.66016 15.2383H2.88281V8.41797H0.5625V5.74609H2.88281V3.77734C2.88281 2.65234 3.19922 1.78516 3.83203 1.17578C4.46484 0.566406 5.30859 0.261719 6.36328 0.261719C7.20703 0.261719 7.89844 0.296875 8.4375 0.367188V2.72266L6.99609 2.75781C6.48047 2.75781 6.12891 2.86328 5.94141 3.07422C5.75391 3.28516 5.66016 3.60156 5.66016 4.02344V5.74609H8.33203L7.98047 8.41797H5.66016V15.2383Z"" fill=""#23344D""/>
</svg>",0,text,NULL,0,0,#E8CEC3,advertisement,NULL,2025-09-26T14:23:10.000000Z,2025-09-26T14:23:10.000000Z
13,NULL,"Youtube Video Description","Elevate your YouTube content with compelling video descriptions. Generate engaging descriptions effortlessly and increase views.",youtube_video_description,1,"[{""name"":""title"",""type"":""text"",""question"":""Title"",""select"":""""}]","<svg width=""17"" height=""11"" viewBox=""0 0 17 11"" fill=""none"" xmlns=""http://www.w3.org/2000/svg"">
<path d=""M15.8301 2.76172C15.9473 3.58203 16.0059 4.39062 16.0059 5.1875V6.3125L15.8301 8.73828C15.7363 9.41797 15.5371 9.91016 15.2324 10.2148C14.9043 10.543 14.4121 10.7539 13.7559 10.8477C13.123 10.8945 12.3613 10.9297 11.4707 10.9531C10.6035 10.9766 9.88867 10.9883 9.32617 10.9883H8.48242C5.88086 10.9648 4.18164 10.918 3.38477 10.8477C3.38477 10.8477 3.29102 10.8359 3.10352 10.8125C2.91602 10.7891 2.76367 10.7656 2.64648 10.7422C2.5293 10.7188 2.37695 10.6602 2.18945 10.5664C2.02539 10.4727 1.87305 10.3555 1.73242 10.2148C1.61523 10.0742 1.49805 9.88672 1.38086 9.65234C1.28711 9.39453 1.22852 9.17188 1.20508 8.98438L1.13477 8.73828C1.04102 7.91797 0.994141 7.10938 0.994141 6.3125V5.1875L1.13477 2.76172C1.22852 2.08203 1.42773 1.58984 1.73242 1.28516C2.06055 0.933594 2.56445 0.722656 3.24414 0.652344C3.87695 0.605469 4.62695 0.570313 5.49414 0.546875C6.36133 0.523437 7.07617 0.511719 7.63867 0.511719H8.48242C10.5918 0.511719 12.3496 0.558594 13.7559 0.652344C14.4121 0.722656 14.9043 0.933594 15.2324 1.28516C15.3262 1.37891 15.4082 1.49609 15.4785 1.63672C15.5488 1.75391 15.6074 1.88281 15.6543 2.02344C15.7012 2.14062 15.7363 2.25781 15.7598 2.375C15.7832 2.49219 15.8066 2.58594 15.8301 2.65625V2.76172ZM10.5215 5.85547L11.0137 5.60938L6.9707 3.5V7.71875L10.5215 5.85547Z"" fill=""#23344D""/>
</svg>",0,text,NULL,0,0,#E4CD9F,"social media",NULL,2025-09-26T14:23:11.000000Z,2025-09-26T14:23:11.000000Z
14,NULL,"Youtube Video Title","Get more views with attention-grabbing video titles. Create unique, catchy titles that entice viewers.",youtube_video_title,1,"[{""name"":""description"",""type"":""textarea"",""question"":""Description"",""select"":""""}]","<svg width=""17"" height=""11"" viewBox=""0 0 17 11"" fill=""none"" xmlns=""http://www.w3.org/2000/svg"">
<path d=""M15.8301 2.76172C15.9473 3.58203 16.0059 4.39062 16.0059 5.1875V6.3125L15.8301 8.73828C15.7363 9.41797 15.5371 9.91016 15.2324 10.2148C14.9043 10.543 14.4121 10.7539 13.7559 10.8477C13.123 10.8945 12.3613 10.9297 11.4707 10.9531C10.6035 10.9766 9.88867 10.9883 9.32617 10.9883H8.48242C5.88086 10.9648 4.18164 10.918 3.38477 10.8477C3.38477 10.8477 3.29102 10.8359 3.10352 10.8125C2.91602 10.7891 2.76367 10.7656 2.64648 10.7422C2.5293 10.7188 2.37695 10.6602 2.18945 10.5664C2.02539 10.4727 1.87305 10.3555 1.73242 10.2148C1.61523 10.0742 1.49805 9.88672 1.38086 9.65234C1.28711 9.39453 1.22852 9.17188 1.20508 8.98438L1.13477 8.73828C1.04102 7.91797 0.994141 7.10938 0.994141 6.3125V5.1875L1.13477 2.76172C1.22852 2.08203 1.42773 1.58984 1.73242 1.28516C2.06055 0.933594 2.56445 0.722656 3.24414 0.652344C3.87695 0.605469 4.62695 0.570313 5.49414 0.546875C6.36133 0.523437 7.07617 0.511719 7.63867 0.511719H8.48242C10.5918 0.511719 12.3496 0.558594 13.7559 0.652344C14.4121 0.722656 14.9043 0.933594 15.2324 1.28516C15.3262 1.37891 15.4082 1.49609 15.4785 1.63672C15.5488 1.75391 15.6074 1.88281 15.6543 2.02344C15.7012 2.14062 15.7363 2.25781 15.7598 2.375C15.7832 2.49219 15.8066 2.58594 15.8301 2.65625V2.76172ZM10.5215 5.85547L11.0137 5.60938L6.9707 3.5V7.71875L10.5215 5.85547Z"" fill=""#23344D""/>
</svg>",0,text,NULL,0,0,#E4CD9F,"social media",NULL,2025-09-26T14:23:11.000000Z,2025-09-26T14:23:11.000000Z
15,NULL,"Youtube Video Tag","Improve your YouTube video's discoverability with relevant video tags. Boost views and engagement.",youtube_video_tag,1,"[{""name"":""title"",""type"":""textarea"",""question"":""Title"",""select"":""""}]","<svg width=""17"" height=""11"" viewBox=""0 0 17 11"" fill=""none"" xmlns=""http://www.w3.org/2000/svg"">
<path d=""M15.8301 2.76172C15.9473 3.58203 16.0059 4.39062 16.0059 5.1875V6.3125L15.8301 8.73828C15.7363 9.41797 15.5371 9.91016 15.2324 10.2148C14.9043 10.543 14.4121 10.7539 13.7559 10.8477C13.123 10.8945 12.3613 10.9297 11.4707 10.9531C10.6035 10.9766 9.88867 10.9883 9.32617 10.9883H8.48242C5.88086 10.9648 4.18164 10.918 3.38477 10.8477C3.38477 10.8477 3.29102 10.8359 3.10352 10.8125C2.91602 10.7891 2.76367 10.7656 2.64648 10.7422C2.5293 10.7188 2.37695 10.6602 2.18945 10.5664C2.02539 10.4727 1.87305 10.3555 1.73242 10.2148C1.61523 10.0742 1.49805 9.88672 1.38086 9.65234C1.28711 9.39453 1.22852 9.17188 1.20508 8.98438L1.13477 8.73828C1.04102 7.91797 0.994141 7.10938 0.994141 6.3125V5.1875L1.13477 2.76172C1.22852 2.08203 1.42773 1.58984 1.73242 1.28516C2.06055 0.933594 2.56445 0.722656 3.24414 0.652344C3.87695 0.605469 4.62695 0.570313 5.49414 0.546875C6.36133 0.523437 7.07617 0.511719 7.63867 0.511719H8.48242C10.5918 0.511719 12.3496 0.558594 13.7559 0.652344C14.4121 0.722656 14.9043 0.933594 15.2324 1.28516C15.3262 1.37891 15.4082 1.49609 15.4785 1.63672C15.5488 1.75391 15.6074 1.88281 15.6543 2.02344C15.7012 2.14062 15.7363 2.25781 15.7598 2.375C15.7832 2.49219 15.8066 2.58594 15.8301 2.65625V2.76172ZM10.5215 5.85547L11.0137 5.60938L6.9707 3.5V7.71875L10.5215 5.85547Z"" fill=""#23344D""/>
</svg>",0,text,NULL,0,0,#E4CD9F,"social media",NULL,2025-09-26T14:23:12.000000Z,2025-09-26T14:23:12.000000Z
16,NULL,"Instagram Captions","Elevate your Instagram game with captivating captions. Generate unique captions that engage followers and increase your reach.",instagram_captions,1,"[{""name"":""title"",""type"":""textarea"",""question"":""Title"",""select"":""""}]","<svg xmlns=""http://www.w3.org/2000/svg"" data-name=""Layer 1"" viewBox=""0 0 24 24"" id=""instagram""><path d=""M17.34,5.46h0a1.2,1.2,0,1,0,1.2,1.2A1.2,1.2,0,0,0,17.34,5.46Zm4.6,2.42a7.59,7.59,0,0,0-.46-2.43,4.94,4.94,0,0,0-1.16-1.77,4.7,4.7,0,0,0-1.77-1.15,7.3,7.3,0,0,0-2.43-.47C15.06,2,14.72,2,12,2s-3.06,0-4.12.06a7.3,7.3,0,0,0-2.43.47A4.78,4.78,0,0,0,3.68,3.68,4.7,4.7,0,0,0,2.53,5.45a7.3,7.3,0,0,0-.47,2.43C2,8.94,2,9.28,2,12s0,3.06.06,4.12a7.3,7.3,0,0,0,.47,2.43,4.7,4.7,0,0,0,1.15,1.77,4.78,4.78,0,0,0,1.77,1.15,7.3,7.3,0,0,0,2.43.47C8.94,22,9.28,22,12,22s3.06,0,4.12-.06a7.3,7.3,0,0,0,2.43-.47,4.7,4.7,0,0,0,1.77-1.15,4.85,4.85,0,0,0,1.16-1.77,7.59,7.59,0,0,0,.46-2.43c0-1.06.06-1.4.06-4.12S22,8.94,21.94,7.88ZM20.14,16a5.61,5.61,0,0,1-.34,1.86,3.06,3.06,0,0,1-.75,1.15,3.19,3.19,0,0,1-1.15.75,5.61,5.61,0,0,1-1.86.34c-1,.05-1.37.06-4,.06s-3,0-4-.06A5.73,5.73,0,0,1,6.1,19.8,3.27,3.27,0,0,1,5,19.05a3,3,0,0,1-.74-1.15A5.54,5.54,0,0,1,3.86,16c0-1-.06-1.37-.06-4s0-3,.06-4A5.54,5.54,0,0,1,4.21,6.1,3,3,0,0,1,5,5,3.14,3.14,0,0,1,6.1,4.2,5.73,5.73,0,0,1,8,3.86c1,0,1.37-.06,4-.06s3,0,4,.06a5.61,5.61,0,0,1,1.86.34A3.06,3.06,0,0,1,19.05,5,3.06,3.06,0,0,1,19.8,6.1,5.61,5.61,0,0,1,20.14,8c.05,1,.06,1.37.06,4S20.19,15,20.14,16ZM12,6.87A5.13,5.13,0,1,0,17.14,12,5.12,5.12,0,0,0,12,6.87Zm0,8.46A3.33,3.33,0,1,1,15.33,12,3.33,3.33,0,0,1,12,15.33Z""></path></svg>",0,text,NULL,0,0,#E49FE1,"social media",NULL,2025-09-26T14:23:12.000000Z,2025-09-26T14:23:12.000000Z
32,NULL,"AI Image Generator","Create stunning images in seconds.",ai_image_generator,1,"[{""name"":""description"",""type"":""textarea"",""question"":""Describe the Image"",""select"":""""},{""name"":""size"",""type"":""select"",""question"":""Image Resolution"",""select"":""<option value='256x256'>256x256</option><option value='512x512'>512x512</option><option value='1024x1024'>1024x1024</option>""}]","<svg xmlns=""http://www.w3.org/2000/svg"" height=""48"" viewBox=""0 96 960 960"" width=""48""><path d=""M180 936q-24 0-42-18t-18-42V276q0-24 18-42t42-18h600q24 0 42 18t18 42v600q0 24-18 42t-42 18H180Zm56-157h489L578 583 446 754l-93-127-117 152Z""/></svg>",0,image,NULL,0,0,#D1C5DE,development,NULL,2025-09-26T14:23:19.000000Z,2025-09-26T14:23:19.000000Z
17,NULL,"Instagram Hashtags","Boost your Instagram reach with relevant hashtags. Generate optimal, trending hashtags and increase your visibility.",instagram_hashtag,1,"[{""name"":""keywords"",""type"":""textarea"",""question"":""Keywords (Separate with comma.)"",""select"":""""}]","<svg xmlns=""http://www.w3.org/2000/svg"" data-name=""Layer 1"" viewBox=""0 0 24 24"" id=""instagram""><path d=""M17.34,5.46h0a1.2,1.2,0,1,0,1.2,1.2A1.2,1.2,0,0,0,17.34,5.46Zm4.6,2.42a7.59,7.59,0,0,0-.46-2.43,4.94,4.94,0,0,0-1.16-1.77,4.7,4.7,0,0,0-1.77-1.15,7.3,7.3,0,0,0-2.43-.47C15.06,2,14.72,2,12,2s-3.06,0-4.12.06a7.3,7.3,0,0,0-2.43.47A4.78,4.78,0,0,0,3.68,3.68,4.7,4.7,0,0,0,2.53,5.45a7.3,7.3,0,0,0-.47,2.43C2,8.94,2,9.28,2,12s0,3.06.06,4.12a7.3,7.3,0,0,0,.47,2.43,4.7,4.7,0,0,0,1.15,1.77,4.78,4.78,0,0,0,1.77,1.15,7.3,7.3,0,0,0,2.43.47C8.94,22,9.28,22,12,22s3.06,0,4.12-.06a7.3,7.3,0,0,0,2.43-.47,4.7,4.7,0,0,0,1.77-1.15,4.85,4.85,0,0,0,1.16-1.77,7.59,7.59,0,0,0,.46-2.43c0-1.06.06-1.4.06-4.12S22,8.94,21.94,7.88ZM20.14,16a5.61,5.61,0,0,1-.34,1.86,3.06,3.06,0,0,1-.75,1.15,3.19,3.19,0,0,1-1.15.75,5.61,5.61,0,0,1-1.86.34c-1,.05-1.37.06-4,.06s-3,0-4-.06A5.73,5.73,0,0,1,6.1,19.8,3.27,3.27,0,0,1,5,19.05a3,3,0,0,1-.74-1.15A5.54,5.54,0,0,1,3.86,16c0-1-.06-1.37-.06-4s0-3,.06-4A5.54,5.54,0,0,1,4.21,6.1,3,3,0,0,1,5,5,3.14,3.14,0,0,1,6.1,4.2,5.73,5.73,0,0,1,8,3.86c1,0,1.37-.06,4-.06s3,0,4,.06a5.61,5.61,0,0,1,1.86.34A3.06,3.06,0,0,1,19.05,5,3.06,3.06,0,0,1,19.8,6.1,5.61,5.61,0,0,1,20.14,8c.05,1,.06,1.37.06,4S20.19,15,20.14,16ZM12,6.87A5.13,5.13,0,1,0,17.14,12,5.12,5.12,0,0,0,12,6.87Zm0,8.46A3.33,3.33,0,1,1,15.33,12,3.33,3.33,0,0,1,12,15.33Z""></path></svg>",0,text,NULL,0,0,#E49FE1,"social media",NULL,2025-09-26T14:23:13.000000Z,2025-09-26T14:23:13.000000Z
18,NULL,"Social Media Post Tweet","Make an impact with every tweet. Generate attention-grabbing social media posts and increase engagement.",social_media_post_tweet,1,"[{""name"":""title"",""type"":""textarea"",""question"":""Title"",""select"":""""}]","<svg xmlns=""http://www.w3.org/2000/svg"" data-name=""Layer 1"" viewBox=""0 0 24 24"" id=""twitter""><path d=""M22,5.8a8.49,8.49,0,0,1-2.36.64,4.13,4.13,0,0,0,1.81-2.27,8.21,8.21,0,0,1-2.61,1,4.1,4.1,0,0,0-7,3.74A11.64,11.64,0,0,1,3.39,4.62a4.16,4.16,0,0,0-.55,2.07A4.09,4.09,0,0,0,4.66,10.1,4.05,4.05,0,0,1,2.8,9.59v.05a4.1,4.1,0,0,0,3.3,4A3.93,3.93,0,0,1,5,13.81a4.9,4.9,0,0,1-.77-.07,4.11,4.11,0,0,0,3.83,2.84A8.22,8.22,0,0,1,3,18.34a7.93,7.93,0,0,1-1-.06,11.57,11.57,0,0,0,6.29,1.85A11.59,11.59,0,0,0,20,8.45c0-.17,0-.35,0-.53A8.43,8.43,0,0,0,22,5.8Z""></path></svg>",0,text,NULL,0,0,#C2DEDE,"social media",NULL,2025-09-26T14:23:13.000000Z,2025-09-26T14:23:13.000000Z
19,NULL,"Social Media Post Business","Generate a text for your business social media networks. Maximize your social media presence with impactful business posts.",social_media_post_business,1,"[{""name"":""company_name"",""type"":""text"",""question"":""Company Name"",""select"":""""},{""name"":""description"",""type"":""textarea"",""question"":""Company Description"",""select"":""""}]","<svg xmlns=""http://www.w3.org/2000/svg"" height=""48"" viewBox=""0 96 960 960"" width=""48""><path d=""M180 936q-24 0-42-18t-18-42V276q0-24 18-42t42-18h600q24 0 42 18t18 42v600q0 24-18 42t-42 18H180Zm100-160h200v-80H280v80Zm40-171 160-80 160 80V276H320v329Z""/></svg>",0,text,NULL,0,0,#E3E49F,"social media",NULL,2025-09-26T14:23:13.000000Z,2025-09-26T14:23:13.000000Z
20,NULL,"Facebook Headlines","Get noticed with attention-grabbing Facebook headlines. Generate unique, clickable headlines that increase engagement and drive traffic.",facebook_headlines,1,"[{""name"":""title"",""type"":""text"",""question"":""Title"",""select"":""""},{""name"":""description"",""type"":""textarea"",""question"":""Description"",""select"":""""}]","<svg width=""9"" height=""16"" viewBox=""0 0 9 16"" fill=""none"" xmlns=""http://www.w3.org/2000/svg"">
<path d=""M5.66016 15.2383H2.88281V8.41797H0.5625V5.74609H2.88281V3.77734C2.88281 2.65234 3.19922 1.78516 3.83203 1.17578C4.46484 0.566406 5.30859 0.261719 6.36328 0.261719C7.20703 0.261719 7.89844 0.296875 8.4375 0.367188V2.72266L6.99609 2.75781C6.48047 2.75781 6.12891 2.86328 5.94141 3.07422C5.75391 3.28516 5.66016 3.60156 5.66016 4.02344V5.74609H8.33203L7.98047 8.41797H5.66016V15.2383Z"" fill=""#23344D""/>
</svg>",0,text,NULL,0,0,#E8CEC3,"social media",NULL,2025-09-26T14:23:14.000000Z,2025-09-26T14:23:14.000000Z
21,NULL,"Google Ads Headlines","Create high-converting Google ads with captivating headlines. Generate unique, clickable ads that drive traffic and boost sales.",google_ads_headlines,1,"[{""name"":""product_name"",""type"":""text"",""question"":""Product Name"",""select"":""""},{""name"":""description"",""type"":""textarea"",""question"":""Description"",""select"":""""},{""name"":""audience"",""type"":""select"",""question"":""Audience"",""select"":""\n        <option value='everyone'> Everyone </option>\n        <option value='man'> Man </option>\n        <option value='woman'> Woman </option>\n        <option value='children'> Children </option>\n        <option value='teenager'> Teenager </option>\n        ""}]","<svg xmlns=""http://www.w3.org/2000/svg"" width=""32"" height=""32"" enable-background=""new 0 0 32 32"" viewBox=""0 0 32 32"" id=""adwords""><path fill=""#263238"" d=""M2.066 23.314c-.082 0-.166-.021-.242-.063-.242-.135-.329-.438-.194-.681L9.278 8.803c.134-.24.439-.326.68-.194.242.135.329.438.194.681L2.503 23.058C2.412 23.222 2.242 23.314 2.066 23.314zM9.933 27.686c-.082 0-.166-.021-.242-.063-.242-.135-.329-.438-.194-.681l4.796-8.634c.133-.24.438-.326.68-.194.242.135.329.438.194.681l-4.796 8.634C10.279 27.593 10.109 27.686 9.933 27.686z""></path><path fill=""#263238"" d=""M15.709,15.761L9.497,26.942c-0.705,1.27-2.046,2.059-3.5,2.059c-0.674,0-1.345-0.175-1.939-0.505 c-1.928-1.07-2.625-3.511-1.554-5.438l7.578-13.639c0.134-0.241,0.047-0.546-0.194-0.681c-0.24-0.133-0.545-0.046-0.68,0.194 L1.629,22.571c-1.339,2.41-0.468,5.46,1.942,6.8c0.742,0.412,1.58,0.63,2.424,0.63c1.817,0,3.493-0.985,4.375-2.572 l5.921-10.658L15.709,15.761z""></path><path fill=""#263238"" d=""M6 30c-2.757 0-5-2.243-5-5s2.243-5 5-5 5 2.243 5 5S8.757 30 6 30zM6 21c-2.206 0-4 1.794-4 4s1.794 4 4 4 4-1.794 4-4S8.206 21 6 21zM26.004 30.001c-1.817 0-3.493-.985-4.375-2.572l-10-18c-1.339-2.41-.468-5.46 1.942-6.8.742-.412 1.581-.631 2.425-.631 1.816 0 3.492.986 4.374 2.573l10 18c1.339 2.41.468 5.46-1.942 6.8C27.687 29.783 26.848 30.001 26.004 30.001zM15.997 2.998c-.675 0-1.345.175-1.94.506-1.928 1.07-2.625 3.511-1.554 5.438l10 18c.705 1.27 2.046 2.059 3.5 2.059.674 0 1.345-.175 1.939-.505 1.928-1.07 2.625-3.511 1.554-5.438l-10-18C18.792 3.787 17.451 2.998 15.997 2.998z""></path></svg>",0,text,NULL,0,0,#D6C0A3,advertisement,NULL,2025-09-26T14:23:14.000000Z,2025-09-26T14:23:14.000000Z
30,NULL,"Grammar Correction","Eliminate grammar errors and enhance your writing with ease. Our tool offers seamless grammar correction for flawless content.",grammar_correction,1,"[{""name"":""description"",""type"":""textarea"",""question"":""Description"",""select"":""""}]","<svg width=""17"" height=""18"" viewBox=""0 0 17 18"" fill=""none"" xmlns=""http://www.w3.org/2000/svg"">
<path d=""M4.75586 8.01172V9.48828H0.255859V8.01172H4.75586ZM6.37305 5.58594L5.31836 6.64062L3.73633 5.02344L4.79102 3.96875L6.37305 5.58594ZM9.25586 0.488281V4.98828H7.74414V0.488281H9.25586ZM13.2637 5.02344L11.6816 6.64062L10.627 5.58594L12.209 3.96875L13.2637 5.02344ZM12.2441 8.01172H16.7441V9.48828H12.2441V8.01172ZM6.90039 7.16797C7.3457 6.72266 7.87305 6.5 8.48242 6.5C9.11523 6.5 9.6543 6.72266 10.0996 7.16797C10.5449 7.58984 10.7676 8.11719 10.7676 8.75C10.7676 9.38281 10.5449 9.92188 10.0996 10.3672C9.6543 10.7891 9.11523 11 8.48242 11C7.87305 11 7.3457 10.7891 6.90039 10.3672C6.47852 9.92188 6.26758 9.38281 6.26758 8.75C6.26758 8.11719 6.47852 7.58984 6.90039 7.16797ZM10.627 11.9141L11.6816 10.8594L13.2637 12.4766L12.209 13.5312L10.627 11.9141ZM3.73633 12.4766L5.31836 10.8594L6.37305 11.9141L4.79102 13.5312L3.73633 12.4766ZM7.74414 17.0117V12.5117H9.25586V17.0117H7.74414Z"" fill=""#23344D""/>
</svg>",0,text,NULL,0,0,#D6C0A3,blog,NULL,2025-09-26T14:23:18.000000Z,2025-09-26T14:23:18.000000Z
31,NULL,"TL;DR Summarization","Automatically summarize long texts into bite-sized summaries with this TL;DR generator.",tldr_summarization,1,"[{""name"":""description"",""type"":""textarea"",""question"":""Description"",""select"":""""}]","<svg xmlns=""http://www.w3.org/2000/svg"" height=""48"" viewBox=""0 96 960 960"" width=""48""><path d=""M160 666v-60h389v60H160Zm0-120v-60h640v60H160Z""/></svg>",0,text,NULL,0,0,#A3D6C2,blog,NULL,2025-09-26T14:23:18.000000Z,2025-09-26T14:23:18.000000Z
22,NULL,"Google Ads Description","Step up your Google ad game, Craft high-converting ad copy that grabs attention and drives sales.",google_ads_description,1,"[{""name"":""product_name"",""type"":""text"",""question"":""Product Name"",""select"":""""},{""name"":""description"",""type"":""textarea"",""question"":""Description"",""select"":""""},{""name"":""audience"",""type"":""select"",""question"":""Audience"",""select"":""\n        <option value='everyone'> Everyone </option>\n        <option value='man'> Man </option>\n        <option value='woman'> Woman </option>\n        <option value='children'> Children </option>\n        <option value='teenager'> Teenager </option>\n        ""}]","<svg xmlns=""http://www.w3.org/2000/svg"" width=""32"" height=""32"" enable-background=""new 0 0 32 32"" viewBox=""0 0 32 32"" id=""adwords""><path fill=""#263238"" d=""M2.066 23.314c-.082 0-.166-.021-.242-.063-.242-.135-.329-.438-.194-.681L9.278 8.803c.134-.24.439-.326.68-.194.242.135.329.438.194.681L2.503 23.058C2.412 23.222 2.242 23.314 2.066 23.314zM9.933 27.686c-.082 0-.166-.021-.242-.063-.242-.135-.329-.438-.194-.681l4.796-8.634c.133-.24.438-.326.68-.194.242.135.329.438.194.681l-4.796 8.634C10.279 27.593 10.109 27.686 9.933 27.686z""></path><path fill=""#263238"" d=""M15.709,15.761L9.497,26.942c-0.705,1.27-2.046,2.059-3.5,2.059c-0.674,0-1.345-0.175-1.939-0.505 c-1.928-1.07-2.625-3.511-1.554-5.438l7.578-13.639c0.134-0.241,0.047-0.546-0.194-0.681c-0.24-0.133-0.545-0.046-0.68,0.194 L1.629,22.571c-1.339,2.41-0.468,5.46,1.942,6.8c0.742,0.412,1.58,0.63,2.424,0.63c1.817,0,3.493-0.985,4.375-2.572 l5.921-10.658L15.709,15.761z""></path><path fill=""#263238"" d=""M6 30c-2.757 0-5-2.243-5-5s2.243-5 5-5 5 2.243 5 5S8.757 30 6 30zM6 21c-2.206 0-4 1.794-4 4s1.794 4 4 4 4-1.794 4-4S8.206 21 6 21zM26.004 30.001c-1.817 0-3.493-.985-4.375-2.572l-10-18c-1.339-2.41-.468-5.46 1.942-6.8.742-.412 1.581-.631 2.425-.631 1.816 0 3.492.986 4.374 2.573l10 18c1.339 2.41.468 5.46-1.942 6.8C27.687 29.783 26.848 30.001 26.004 30.001zM15.997 2.998c-.675 0-1.345.175-1.94.506-1.928 1.07-2.625 3.511-1.554 5.438l10 18c.705 1.27 2.046 2.059 3.5 2.059.674 0 1.345-.175 1.939-.505 1.928-1.07 2.625-3.511 1.554-5.438l-10-18C18.792 3.787 17.451 2.998 15.997 2.998z""></path></svg>",0,text,NULL,0,0,#D6C0A3,advertisement,NULL,2025-09-26T14:23:15.000000Z,2025-09-26T14:23:15.000000Z
23,NULL,"Paragraph Generator","Generate a paragraph with keywords and description. Never struggle with writer's block again. Generate flawless paragraphs that captivate readers.",paragraph_generator,1,"[{""name"":""description"",""type"":""textarea"",""question"":""Description"",""select"":""""},{""name"":""keywords"",""type"":""textarea"",""question"":""Keywords (Separate with comma.)"",""select"":""""}]","<svg xmlns=""http://www.w3.org/2000/svg"" height=""48"" viewBox=""0 96 960 960"" width=""48""><path d=""M160 684v-60h640v60H160Zm0 160v-60h640v60H160Zm0-316v-60h640v60H160Zm0-160v-60h640v60H160Z""/></svg>",0,text,NULL,0,0,#A3D6C2,blog,NULL,2025-09-26T14:23:15.000000Z,2025-09-26T14:23:15.000000Z
24,NULL,"Pros & Cons","Make informed decisions with ease. Generate unbiased pros and cons lists that help you weigh options and make better choices.",pros_cons,1,"[{""name"":""description"",""type"":""textarea"",""question"":""Description"",""select"":""""},{""name"":""title"",""type"":""text"",""question"":""Title"",""select"":""""}]","<svg xmlns=""http://www.w3.org/2000/svg"" height=""48"" viewBox=""0 96 960 960"" width=""48""><path d=""M443 936q-17 0-32-6.5T385 912L203 719l32-33q11-11 25-13.5t29 .5l114 25V276q0-26 17-43t43-17q26 0 43 17t17 43v240h36q11 0 19 1.5t17 6.5l163 82q24 12 36 35t8 49l-26 180q-5 29-28 47.5T696 936H443Zm-26-60h281l43-249-183-91h-55V316q0-18-11-29t-29-11q-18 0-29 11t-11 29v399l-154-33-23 23 171 171Zm0 0L246 705l23-23 154 33V316q0-18 11-29t29-11q18 0 29 11t11 29v220h55l183 91-43 249H417Z""/></svg>",0,text,NULL,0,0,#E0BFC9,development,NULL,2025-09-26T14:23:16.000000Z,2025-09-26T14:23:16.000000Z
25,NULL,"Meta Description","Get more clicks with compelling meta descriptions. Generate unique, SEO-friendly meta descriptions that attract customers and boost traffic.",meta_description,1,"[{""name"":""description"",""type"":""textarea"",""question"":""Description"",""select"":""""},{""name"":""title"",""type"":""text"",""question"":""Title"",""select"":""""},{""name"":""keywords"",""type"":""text"",""question"":""Keywords (Separate with comma)"",""select"":""""}]","<svg xmlns=""http://www.w3.org/2000/svg"" height=""48"" viewBox=""0 96 960 960"" width=""48""><path d=""M319 806h322v-60H319v60Zm0-170h322v-60H319v60Zm-99 340q-24 0-42-18t-18-42V236q0-24 18-42t42-18h361l219 219v521q0 24-18 42t-42 18H220Zm331-554V236H220v680h520V422H551ZM220 236v186-186 680-680Z""/></svg>",0,text,NULL,0,0,#A3D6C2,development,NULL,2025-09-26T14:23:16.000000Z,2025-09-26T14:23:16.000000Z
26,NULL,"FAQ Generator (All Datas)","Quickly create helpful FAQs. Our AI-powered generator provides custom responses to common questions in seconds.",faq_generator,1,"[{""name"":""description"",""type"":""textarea"",""question"":""Description"",""select"":""""},{""name"":""title"",""type"":""text"",""question"":""Title (Faq Question)"",""select"":""""}]","<svg width=""13"" height=""13"" viewBox=""0 0 13 13"" fill=""none"" xmlns=""http://www.w3.org/2000/svg"">
<path d=""M8.62695 5.87109C8.04102 6.45703 7.32617 6.75 6.48242 6.75C5.66211 6.75 4.95898 6.45703 4.37305 5.87109C3.78711 5.28516 3.49414 4.58203 3.49414 3.76172C3.49414 2.91797 3.78711 2.20313 4.37305 1.61719C4.95898 1.03125 5.66211 0.738281 6.48242 0.738281C7.32617 0.738281 8.04102 1.03125 8.62695 1.61719C9.21289 2.20313 9.50586 2.91797 9.50586 3.76172C9.50586 4.58203 9.21289 5.28516 8.62695 5.87109ZM4.05664 8.57812C4.94727 8.36719 5.75586 8.26172 6.48242 8.26172C7.23242 8.26172 8.05273 8.36719 8.94336 8.57812C9.83398 8.78906 10.6426 9.14062 11.3691 9.63281C12.1191 10.1016 12.4941 10.6406 12.4941 11.25V12.7617H0.505859V11.25C0.505859 10.6406 0.869141 10.1016 1.5957 9.63281C2.3457 9.14062 3.16602 8.78906 4.05664 8.57812Z"" fill=""#23344D""/>
</svg>",0,text,NULL,0,0,#D6D2A3,development,NULL,2025-09-26T14:23:16.000000Z,2025-09-26T14:23:16.000000Z
27,NULL,"Email Generator","Generate an email with your subject and description. Streamline your inbox and save time.",email_generator,1,"[{""name"":""description"",""type"":""textarea"",""question"":""Description"",""select"":""""},{""name"":""subject"",""type"":""text"",""question"":""Subject of Email"",""select"":""""}]","<svg xmlns=""http://www.w3.org/2000/svg"" height=""48"" viewBox=""0 96 960 960"" width=""48""><path d=""M140 896q-24 0-42-18t-18-42V316q0-24 18-42t42-18h680q24 0 42 18t18 42v520q0 24-18 42t-42 18H140Zm340-302 340-223v-55L480 534 140 316v55l340 223Z""/></svg>",0,text,NULL,0,0,#D1C5DE,email,NULL,2025-09-26T14:23:17.000000Z,2025-09-26T14:23:17.000000Z
28,NULL,"Email Answer Generator","Effortlessly tackle your overflowing inbox with custom, accurate responses to common queries, freeing you up to focus on what matters most.",email_answer_generator,1,"[{""name"":""description"",""type"":""textarea"",""question"":""Description (Receieved Email)"",""select"":""""}]","<svg xmlns=""http://www.w3.org/2000/svg"" height=""48"" viewBox=""0 96 960 960"" width=""48""><path d=""M140 896q-24 0-42-18t-18-42V316q0-24 18-42t42-18h680q24 0 42 18t18 42v520q0 24-18 42t-42 18H140Zm340-302 340-223v-55L480 534 140 316v55l340 223Z""/></svg>",0,text,NULL,0,0,#D1C5DE,email,NULL,2025-09-26T14:23:17.000000Z,2025-09-26T14:23:17.000000Z
29,NULL,"Newsletter Generator","Generate engaging newsletters easily with personalized content that resonates with your audience, driving growth and engagement.",newsletter_generator,1,"[{""name"":""description"",""type"":""textarea"",""question"":""Description"",""select"":""""},{""name"":""title"",""type"":""text"",""question"":""Title"",""select"":""""},{""name"":""subject"",""type"":""text"",""question"":""Subject"",""select"":""""}]","<svg width=""17"" height=""14"" viewBox=""0 0 17 14"" fill=""none"" xmlns=""http://www.w3.org/2000/svg"">
<path d=""M0.625 13.5V8.26172L11.875 6.75L0.625 5.23828V0L16.375 6.75L0.625 13.5Z"" fill=""#23344D""/>
</svg>",0,text,NULL,0,0,#E1D5F4,email,NULL,2025-09-26T14:23:18.000000Z,2025-09-26T14:23:18.000000Z
33,NULL,"Custom Generation","Create your own custom generator with AI! Our app allows you to quickly and easily generate unique content in any language.",custom-generation-eQao5n,1,"[{""name"":""description"",""type"":""textarea"",""question"":""Description"",""description"":""Description for prompt""},{""name"":""description-second"",""type"":""textarea"",""question"":""Description Second"",""description"":""Description Second for prompt""}]","<svg xmlns=""http://www.w3.org/2000/svg"" height=""40"" viewBox=""0 96 960 960"" width=""40""><path d=""M424 962.333V705h93.666v83H860v93.666H517.666v80.667H424ZM99.667 881.666V788H372v93.666H99.667Zm178.667-178.333V622H99.667v-92.666h178.667v-82H372v255.999h-93.666ZM424 622v-92.666h436V622H424Zm163.667-175.667V189h93.666v81.334H860V364H681.333v82.333h-93.666ZM99.667 364v-93.666h436V364h-436Z""/></svg>",0,text,"write a text about   **description**  and  **description-second**",1,0,#F4E8A4,Custom,NULL,2025-09-26T14:23:19.000000Z,2025-09-26T14:23:19.000000Z
34,NULL,"AI Speech to Text","The AI app that turns audio speech into text with ease.",ai_speech_to_text,1,"[{""name"":""file"",""type"":""file"",""question"":""Upload an Audio File (mp3, mp4, mpeg, mpga, m4a, wav, and webm)(Max: 25Mb)"",""select"":""""}]","<svg xmlns=""http://www.w3.org/2000/svg"" height=""48"" viewBox=""0 96 960 960"" width=""48""><path d=""M140 976q-24.75 0-42.375-17.625T80 916V236q0-24.75 17.625-42.375T140 176h380l-60 60H140v680h480V776h60v140q0 24.75-17.625 42.375T620 976H140Zm100-170v-60h280v60H240Zm0-120v-60h200v60H240Zm380 10L460 536H320V336h140l160-160v520Zm60-92V258q56 21 88 74t32 104q0 51-35 101t-85 67Zm0 142v-62q70-25 125-90t55-158q0-93-55-158t-125-90v-62q102 27 171 112.5T920 436q0 112-69 197.5T680 746Z""/></svg>",0,audio,NULL,0,0,#DEFF81,blog,NULL,2025-09-26T14:23:20.000000Z,2025-09-26T14:23:20.000000Z
35,NULL,"AI Code Generator","Create custom code in seconds! Leverage our state-of-the-art AI technology to quickly and easily generate code in any language.",ai_code_generator,1,"[{""name"":""description"",""type"":""textarea"",""question"":""Describe What Kind of Code You Need"",""select"":""""},{""name"":""code_language"",""type"":""text"",""question"":""Coding Language (Java, PHP etc.)"",""select"":""""}]","<svg xmlns=""http://www.w3.org/2000/svg"" height=""40"" viewBox=""0 96 960 960"" width=""40""><path d=""M196.666 965.333q-43.824 0-74.912-31.087-31.087-31.088-31.087-74.912V701.667h105.999v157.667h157.667v105.999H196.666Zm409.001 0V859.334h157.667V701.667H870v157.667q0 43.824-31.284 74.912-31.283 31.087-75.382 31.087H605.667ZM344 739.333 180.667 576 344 412.667 418.333 489l-86 87 86 87L344 739.333Zm272 0L541.667 663l86-87-86-87L616 412.667 779.333 576 616 739.333Zm-525.333-289V292.666q0-44.099 31.087-75.382Q152.842 186 196.666 186h157.667v106.666H196.666v157.667H90.667Zm672.667 0V292.666H605.667V186h157.667q44.099 0 75.382 31.284Q870 248.567 870 292.666v157.667H763.334Z""/></svg>",0,code,NULL,0,0,#81FFC2,development,NULL,2025-09-26T14:23:20.000000Z,2025-09-26T14:23:20.000000Z
36,NULL,"AI Article Wizard Generator","Create custom article instantly with our article wizard generator. Boost engagement and save time.",ai_article_wizard_generator,1,"[{""name"":""your_description"",""type"":""textarea"",""question"":""Description"",""select"":""""}]","<svg xmlns=""http://www.w3.org/2000/svg"" height=""48"" viewBox=""0 96 960 960"" width=""48""><path d=""M430 896V356H200V256h560v100H530v540H430Z""/></svg>",0,text,NULL,0,0,#A3D6C2,blog,NULL,2025-09-26T14:23:21.000000Z,2025-09-26T14:23:21.000000Z
37,NULL,"AI Vision","Elevate your visual analytics with our AI Vision platform. Harness the power of machine learning for real-time image recognition and data insights. Enhance efficiency and decision-making.",ai_vision,1,"[{""name"":""your_description"",""type"":""textarea"",""question"":""Description"",""select"":""""}]","<svg xmlns=""http://www.w3.org/2000/svg"" 
 width=""48"" height=""48"" stroke-width=""2"" stroke=""black"" fill=""none"" viewBox=""0 0 24 24""><path stroke=""none"" d=""M0 0h24v24H0z"" fill=""none""/><path d=""M6 4l6 16l6 -16"" /></svg>",0,text,NULL,0,0,#A3D6C2,blog,NULL,2025-09-26T14:23:21.000000Z,2025-09-26T14:23:21.000000Z
38,NULL,"File Analyzer","Simply upload a file (PDF, CSV, .doc or .docx) and extract key insights or summarize the entire document.",ai_pdf,1,"[{""name"":""your_description"",""type"":""textarea"",""question"":""Description"",""select"":""""}]","<svg xmlns=""http://www.w3.org/2000/svg"" 
 width=""48"" height=""48"" stroke-width=""2"" stroke=""black"" fill=""none"" viewBox=""0 0 24 24""><path stroke=""none"" d=""M0 0h24v24H0z"" fill=""none""/><path d=""M6 4l6 16l6 -16"" /></svg>",0,text,NULL,0,0,#A3D6C2,blog,NULL,2025-09-26T14:23:21.000000Z,2025-09-26T14:23:21.000000Z
39,NULL,"Chat Image","Generate Image by user input",ai_chat_image,1,"[{""name"":""your_description"",""type"":""textarea"",""question"":""Description"",""select"":""""}]","<svg xmlns=""http://www.w3.org/2000/svg"" 
 width=""48"" height=""48"" stroke-width=""2"" stroke=""black"" fill=""none"" viewBox=""0 0 24 24""><path stroke=""none"" d=""M0 0h24v24H0z"" fill=""none""/><path d=""M6 4l6 16l6 -16"" /></svg>",0,text,NULL,0,0,#A3D6C2,blog,NULL,2025-09-26T14:23:22.000000Z,2025-09-26T14:23:22.000000Z
40,NULL,"AI ReWriter","Rewrite more professional and detailed content instantly with our ai rewriter. Boost engagement and save time.",ai_rewriter,1,"[{""name"":""your_description"",""type"":""textarea"",""question"":""Description"",""select"":""""}]","<svg xmlns=""http://www.w3.org/2000/svg"" height=""48"" viewBox=""0 96 960 960"" width=""48""><path d=""M430 896V356H200V256h560v100H530v540H430Z""/></svg>",0,text,NULL,0,0,#A3D6C2,blog,NULL,2025-09-26T14:23:22.000000Z,2025-09-26T14:23:22.000000Z
41,NULL,"AI Web Chat","Analyze web page content with url",ai_webchat,1,"[{""name"":""your_description"",""type"":""textarea"",""question"":""Description"",""select"":""""}]","<svg xmlns=""http://www.w3.org/2000/svg"" 
 width=""48"" height=""48"" stroke-width=""2"" stroke=""black"" fill=""none"" viewBox=""0 0 24 24""><path stroke=""none"" d=""M0 0h24v24H0z"" fill=""none""/><path d=""M6 4l6 16l6 -16"" /></svg>",0,text,NULL,0,0,#A3D6C2,blog,NULL,2025-09-26T14:23:23.000000Z,2025-09-26T14:23:23.000000Z
42,NULL,"AI Video","Bring your static images to life and create visually compelling videos effortlessly.",ai_video,1,"[{""name"":""your_description"",""type"":""textarea"",""question"":""Description"",""select"":""""}]","<svg xmlns=""http://www.w3.org/2000/svg"" 
 width=""48"" height=""48"" stroke-width=""2"" stroke=""black"" fill=""none"" viewBox=""0 0 24 24""><path stroke=""none"" d=""M0 0h24v24H0z"" fill=""none""/><path d=""M6 4l6 16l6 -16"" /></svg>",0,video,NULL,0,0,#A3D6C2,video,NULL,2025-09-26T14:23:23.000000Z,2025-09-26T14:23:23.000000Z
43,NULL,"AI Voiceover","The AI app that turns text into audio speech with ease. Get ready to generate custom audios from texts quickly and accurately.",ai_voiceover,1,"[{""name"":""file"",""type"":""file"",""question"":""Upload an Audio File (mp3, mp4, mpeg, mpga, m4a, wav, and webm)(Max: 25Mb)"",""select"":""""}]","<svg xmlns=""http://www.w3.org/2000/svg"" height=""48"" viewBox=""0 96 960 960"" width=""48""><path d=""M140 976q-24.75 0-42.375-17.625T80 916V236q0-24.75 17.625-42.375T140 176h380l-60 60H140v680h480V776h60v140q0 24.75-17.625 42.375T620 976H140Zm100-170v-60h280v60H240Zm0-120v-60h200v60H240Zm380 10L460 536H320V336h140l160-160v520Zm60-92V258q56 21 88 74t32 104q0 51-35 101t-85 67Zm0 142v-62q70-25 125-90t55-158q0-93-55-158t-125-90v-62q102 27 171 112.5T920 436q0 112-69 197.5T680 746Z""/></svg>",0,voiceover,,0,0,#DEFF81,voiceover,NULL,2025-09-26T14:23:23.000000Z,2025-09-26T14:23:23.000000Z
44,NULL,"AI YouTube","Simply turn your Youtube videos into Blog post.",ai_youtube,1,"[{""name"":""url"",""type"":""url"",""question"":""YouTube Video URL"",""select"":""""}]","<svg xmlns=""http://www.w3.org/2000/svg"" width=""44"" height=""44"" viewBox=""0 0 24 24"" stroke-width=""1.5"" stroke=""#2c3e50"" fill=""none"" stroke-linecap=""round"" stroke-linejoin=""round""><path stroke=""none"" d=""M0 0h24v24H0z"" fill=""none""/><path d=""M2 8a4 4 0 0 1 4 -4h12a4 4 0 0 1 4 4v8a4 4 0 0 1 -4 4h-12a4 4 0 0 1 -4 -4v-8z"" /><path d=""M10 9l5 3l-5 3z"" /></svg>",0,youtube,,0,0,#FFB0B0,youtube,NULL,2025-09-26T14:23:24.000000Z,2025-09-26T14:23:24.000000Z
45,NULL,"AI Voice Isolator","Separate voices from background noise in audio recordings.",ai_voice_isolator,1,"[{""name"":""file"",""type"":""file"",""question"":""Upload an Audio File (mp3, mp4, mpeg, mpga, m4a, wav, and webm)(Max: 500Mb)"",""select"":""""}]","<svg xmlns=""http://www.w3.org/2000/svg"" height=""48"" viewBox=""0 96 960 960"" width=""48""><path d=""M140 976q-24.75 0-42.375-17.625T80 916V236q0-24.75 17.625-42.375T140 176h380l-60 60H140v680h480V776h60v140q0 24.75-17.625 42.375T620 976H140Zm100-170v-60h280v60H240Zm0-120v-60h200v60H240Zm380 10L460 536H320V336h140l160-160v520Zm60-92V258q56 21 88 74t32 104q0 51-35 101t-85 67Zm0 142v-62q70-25 125-90t55-158q0-93-55-158t-125-90v-62q102 27 171 112.5T920 436q0 112-69 197.5T680 746Z""/></svg>",0,isolator,,0,0,#DEFF81,voice,NULL,2025-09-26T14:23:24.000000Z,2025-09-26T14:23:24.000000Z
46,NULL,"AI Video to Video","Bring your static images to life and create visually compelling videos effortlessly.",ai_video_to_video,1,"[{""name"":""your_description"",""type"":""textarea"",""question"":""Description"",""select"":""""}]","<svg xmlns=""http://www.w3.org/2000/svg"" 
 width=""48"" height=""48"" stroke-width=""2"" stroke=""black"" fill=""none"" viewBox=""0 0 24 24""><path stroke=""none"" d=""M0 0h24v24H0z"" fill=""none""/><path d=""M6 4l6 16l6 -16"" /></svg>",0,video-to-video,NULL,0,0,#A3D6C2,video-to-video,NULL,2025-09-26T14:23:25.000000Z,2025-09-26T14:23:25.000000Z
47,NULL,"Cover Letter","Generate professional cover letters that highlight your strengths and stand out to employers.",cover_letter,1,"[{""name"":""job_title"",""type"":""text"",""question"":""Job Title"",""select"":""""},{""name"":""company_name"",""type"":""text"",""question"":""Company Name"",""select"":""""},{""name"":""your_name"",""type"":""text"",""question"":""Your Name"",""select"":""""},{""name"":""your_skills"",""type"":""textarea"",""question"":""Your Skills"",""select"":""""}]","<svg xmlns=""http://www.w3.org/2000/svg"" height=""48"" viewBox=""0 96 960 960"" width=""48""><path d=""M220 936q-24 0-42-18t-18-42V276q0-24 18-42t42-18h520q24 0 42 18t18 42v600q0 24-18 42t-42 18H220Zm0-60h520V276H220v600Zm70-120h160v-60H290v60Zm0-160h380v-60H290v60Zm0-160h380v-60H290v60ZM180 876V276v600Z""/></svg>",0,text,"Write a cover letter for the position of **job_title** at **company_name**. My name is **your_name** and my skills include **your_skills**.",1,0,#D6A3A3,academic,NULL,2025-09-26T14:23:25.000000Z,2025-09-26T14:23:25.000000Z
48,NULL,"Math Question","Solve complex math questions with ease. Get step-by-step solutions and understand the process.",math_question,1,"[{""name"":""question"",""type"":""textarea"",""question"":""Math Question"",""select"":""""}]","<svg xmlns=""http://www.w3.org/2000/svg"" height=""48"" viewBox=""0 96 960 960"" width=""48""><path d=""M180 836v-60h600v60H180Zm130-150-43-43 112-112-112-112 43-43 112 112 112-112 43 43-112 112 112 112-43 43-112-112-112 112Zm-130-270v-60h600v60H180Z""/></svg>",0,text,"Solve the following math question: **question**. Provide step-by-step solutions.",1,0,#C2D6D6,academic,NULL,2025-09-26T14:23:26.000000Z,2025-09-26T14:23:26.000000Z
49,NULL,"Bullet Point Answer","Generate concise bullet point answers for any question. Save time and get straight to the point.",bullet_point_answer,1,"[{""name"":""question"",""type"":""textarea"",""question"":""Question"",""select"":""""}]","<svg xmlns=""http://www.w3.org/2000/svg"" height=""48"" viewBox=""0 96 960 960"" width=""48""><path d=""M120 796v-60h480v60H120Zm0-170v-60h720v60H120Zm0-170v-60h720v60H120Zm0-170v-60h480v60H120Z""/></svg>",0,text,"Provide a bullet point answer for the following question: **question**.",1,0,#D6C2C2,academic,NULL,2025-09-26T14:23:26.000000Z,2025-09-26T14:23:26.000000Z
50,NULL,"Academic Essay","Generate an academic essay based on the given topic and guidelines.",academic_essay,1,"[{""name"":""topic"",""type"":""textarea"",""question"":""Essay Topic"",""select"":""""}]","<svg xmlns=""http://www.w3.org/2000/svg"" height=""48"" viewBox=""0 96 960 960"" width=""48""><path d=""M480 936q-57 0-108-21.5t-88.5-58Q246 819 224 768q-22-51-22-108t22-108q22-51 59-88.5T372 414q51-22 108-22t108 22q51 22 88.5 59T734 561q22 51 22 108t-22 108q-22 51-59 88.5T588 914q-51 22-108 22Zm0-60q43 0 80.5-16.5t65-44.5 44.5-65 16.5-80.5-16.5-80.5-44.5-65-65-44.5-80.5-16.5-80.5 16.5-65 44.5-44.5 65T180 768t16.5 80.5 44.5 65 65 44.5T480 876ZM308 626q-13 0-21.5-8.5T278 596q0-13 8.5-21.5T308 566h344q13 0 21.5 8.5T682 596q0 13-8.5 21.5T652 626H308Z""/></svg>",0,text,"Write an academic essay on the following topic: **topic**.",1,0,#F1C40F,academic,NULL,2025-09-26T14:23:27.000000Z,2025-09-26T14:23:27.000000Z
51,NULL,"Thesis Statement","Generate a thesis statement for the given topic.",thesis_statement,1,"[{""name"":""topic"",""type"":""textarea"",""question"":""Thesis Topic"",""select"":""""}]","<svg xmlns=""http://www.w3.org/2000/svg"" height=""48"" viewBox=""0 96 960 960"" width=""48""><path d=""M120 936V216h720v720H120Zm60-60h600V276H180v600ZM180 276v600-600Zm280 390h120v-60H460v60Zm0-120h120v-60H460v60Zm-60-120h240V306H400v120Zm-120 300h480v-60H280v60Z""/></svg>",0,text,"Generate a thesis statement for the following topic: **topic**.",1,0,#27AE60,academic,NULL,2025-09-26T14:23:27.000000Z,2025-09-26T14:23:27.000000Z
52,NULL,Proofreading,"Proofread the given text and provide suggestions for improvement.",proofreading,1,"[{""name"":""text_to_proofread"",""type"":""textarea"",""question"":""Text to Proofread"",""select"":""""}]","<svg xmlns=""http://www.w3.org/2000/svg"" height=""48"" viewBox=""0 96 960 960"" width=""48""><path d=""M480 936q-65 0-122-25t-100-67.5T196.5 743 172 621V396q0-91 60-155.5T396 180v60q-65 0-111.5 46.5T238 396v225q0 74 37 138t100 102q60 24 133 24 70 0 130-27.5t101.5-75.5q40-47 62.5-107T840 396h60q0 80-24 153.5T837 660q-38 60-92 103.5T629 843t-149 93Zm-46-197 310-310-42-42-268 268-113-113-42 42 155 155ZM396 460Z""/></svg>",0,text,"Proofread the following text and provide suggestions for improvement: **text_to_proofread**.",1,0,#3498DB,academic,NULL,2025-09-26T14:23:27.000000Z,2025-09-26T14:23:27.000000Z
53,NULL,Rephrase,"Rephrase the given text to improve clarity and readability.",rephrase,1,"[{""name"":""text_to_rephrase"",""type"":""textarea"",""question"":""Text to Rephrase"",""select"":""""}]","<svg xmlns=""http://www.w3.org/2000/svg"" height=""48"" viewBox=""0 96 960 960"" width=""48""><path d=""M460 936q-62 0-120-18t-106-52q-48-34-86-84.5T78 662q-12-39-16-80.5T60 502q0-43 4-84.5T82 341q12-34 29-62.5T132 233q-17 39-29.5 82T90 418q-1 16-1 34t1 34q2 30 10.5 60.5T128 579q30 49 73 83t92 55.5T460 726q38 0 74.5-9t68.5-25v70q-33 14-69.5 21T460 792q-53 0-103-14.5t-95.5-40q-46-25-82.5-62t-62-82.5T92 502q-3-13-3-27.5t3-27.5q2-12 6-23.5t9-23.5q12-28 30-53t40-44q27-26 57.5-46.5T366 221q37-18 75-25t78-7v58q-40 2-80 10t-75 24q-30 12-57.5 29.5T250 335q-20 19-36.5 41.5T194 423q-11 23-17 47.5T170 517q-1 16-1 34t1 34q2 30 10.5 60.5T238 699q29 49 72 82.5t92 54T460 848q38 0 75.5-10t68.5-26v56q-31 12-64 17.5T460 936ZM704 348q-53 0-103-14.5t-95.5-40q-46-25-82.5-62T348 149.5 286 103q-3-13-3-27.5T286 48q12-47 37-87.5T408 0h132q22 0 43 3.5t41 9.5q49 12 91 33t73 53q23 20 43 44.5t33 53.5q12 28 20 57.5T980 316q0 33-3.5 66t-11.5 64q-12 45-31 86.5t-48 77.5q-31 34-68 59.5t-83 42q-41 14-82 17.5t-84 3.5q-34 0-67-3t-66-12V746q31 10 63 15.5t64 7.5q31 0 60.5-3t59.5-12q39-14 72-34t58-48q26-22 46.5-47t35.5-51q12-25 21.5-51.5T832 496q-2-17-2-34t2-34q2-30 11-60.5T896 272q29-49 72-83t92-54.5T1116 96q53 0 103 14.5t95.5 40q46 25 82.5 62t62 82.5T1580 478q12 39 16 80.5t4 80.5q0 43-4 84.5t-12 80.5q-12 34-29 62.5T1498 695q17-39 29.5-82T1540 548q1-16 1-34t-1-34q-2-30-10.5-60.5T1442 367q-30-49-73-83t-92-55.5T704 258Z""/></svg>",0,text,"Rephrase the following text to improve clarity and readability: **text_to_rephrase**.",1,0,#9B59B6,academic,NULL,2025-09-26T14:23:28.000000Z,2025-09-26T14:23:28.000000Z
54,NULL,Improve,"Improve the given text by enhancing its quality and clarity.",improve,1,"[{""name"":""text_to_improve"",""type"":""textarea"",""question"":""Text to Improve"",""select"":""""}]","<svg xmlns=""http://www.w3.org/2000/svg"" height=""48"" viewBox=""0 96 960 960"" width=""48""><path d=""M480 936q-57 0-108-21.5t-88.5-58q-39-37.5-62-89t-23-107.5V378q0-91 60-155.5T396 180v60q-65 0-111.5 46.5T238 396v225q0 74 37 138t100 102q60 24 133 24 70 0 130-27.5t101.5-75.5q40-47 62.5-107T840 396h60q0 80-24 153.5T837 660q-38 60-92 103.5T629 843t-149 93ZM228 514q-4-4-6-10t-2-11q0-6 2-11t6-10l292-293q4-4 10-6t11-2q6 0 11 2t10 6l293 293q4 4 6 10t2 11q0 6-2 11t-6 10q-4 4-10 6t-11 2q-6 0-11-2t-10-6L480 306 238 514q-4 4-10 6t-11 2q-6 0-11-2t-10-6Z""/></svg>",0,text,"Improve the following text by enhancing its quality and clarity: **text_to_improve**.",1,0,#1ABC9C,academic,NULL,2025-09-26T14:23:28.000000Z,2025-09-26T14:23:28.000000Z
55,NULL,"Job Description","Generate comprehensive job descriptions tailored to your company needs.",job_description,1,"[{""name"":""job_title"",""type"":""text"",""question"":""Job Title"",""select"":""""},{""name"":""company_name"",""type"":""text"",""question"":""Company Name"",""select"":""""},{""name"":""job_description"",""type"":""textarea"",""question"":""Job Description"",""select"":""""}]","<svg xmlns=""http://www.w3.org/2000/svg"" height=""48"" viewBox=""0 0 24 24"" width=""48""><path d=""M0 0h24v24H0z"" fill=""none""/><path d=""M15 8V4H5c-1.1 0-2 .9-2 2v12c0 1.1.9 2 2 2h14c1.1 0 2-.9 2-2V9c0-1.1-.9-2-2-2h-4z""/><path d=""M17 8h-4V4h4v4zm-2-2v-1H9v1h6zM19 18H5V9h14v9zm0-10H5V6h14v2z""/></svg>",0,text,"Generate a comprehensive job description for the role of **job_title** at **company_name**.",1,0,#D6A3A3,business,NULL,2025-09-26T14:23:29.000000Z,2025-09-26T14:23:29.000000Z
56,NULL,"Application Letter","Craft personalized application letters that grab attention and highlight your qualifications.",application_letter,1,"[{""name"":""job_title"",""type"":""text"",""question"":""Job Title"",""select"":""""},{""name"":""company_name"",""type"":""text"",""question"":""Company Name"",""select"":""""},{""name"":""your_name"",""type"":""text"",""question"":""Your Name"",""select"":""""},{""name"":""your_qualifications"",""type"":""textarea"",""question"":""Your Qualifications"",""select"":""""}]","<svg xmlns=""http://www.w3.org/2000/svg"" height=""48"" viewBox=""0 0 24 24"" width=""48""><path d=""M0 0h24v24H0z"" fill=""none""/><path d=""M5 4v16h14V4H5zm12 14H7V6h10v12z""/></svg>",0,text,"Craft a personalized application letter for the position of **job_title** at **company_name**. Highlight your qualifications, experiences, and reasons for applying. My name is **your_name** and my qualifications include **your_qualifications**.",1,0,#C2D6D6,business,NULL,2025-09-26T14:23:29.000000Z,2025-09-26T14:23:29.000000Z
57,NULL,"Resume Builder","Create professional resumes tailored to your skills and experience.",resume_builder,1,"[{""name"":""your_name"",""type"":""text"",""question"":""Your Name"",""select"":""""},{""name"":""your_skills"",""type"":""textarea"",""question"":""Your Skills"",""select"":""""}]","<svg xmlns=""http://www.w3.org/2000/svg"" height=""48"" viewBox=""0 0 24 24"" width=""48""><path d=""M0 0h24v24H0z"" fill=""none""/><path d=""M19 5v14H5V5h14m0-2H5c-1.11 0-2 .9-2 2v14c0 1.1.89 2 2 2h14c1.1 0 2-.9 2-2V5c0-1.1-.9-2-2-2z""/><path d=""M7 10h10v2H7zM7 14h10v2H7z""/></svg>",0,text,"Create a professional resume highlighting your skills and experiences. My name is **your_name** and my skills include **your_skills**.",1,0,#D6C2C2,business,NULL,2025-09-26T14:23:29.000000Z,2025-09-26T14:23:29.000000Z
58,NULL,Linkedin,"Generate engaging LinkedIn profile descriptions that attract attention from employers and connections.",linkedin,1,"[{""name"":""your_name"",""type"":""text"",""question"":""Your Name"",""select"":""""},{""name"":""your_title"",""type"":""text"",""question"":""Your Title"",""select"":""""},{""name"":""your_summary"",""type"":""textarea"",""question"":""Your Summary"",""select"":""""}]","<svg xmlns=""http://www.w3.org/2000/svg"" height=""48"" viewBox=""0 0 24 24"" width=""48""><path d=""M0 0h24v24H0z"" fill=""none""/><path d=""M3 4v16h18V4H3zm16 14H5V6h14v12zm-6-3v-1h3v1h-3zM7 11h10v1H7v-1z""/></svg>",0,text,"Generate an engaging LinkedIn profile description for **your_name**, **your_title**. Provide a summary that attracts attention from employers and connections. **your_summary**.",1,0,#C2D6D6,business,NULL,2025-09-26T14:23:30.000000Z,2025-09-26T14:23:30.000000Z
59,NULL,"Startup Ideas (w/ quantities)","Generate innovative startup ideas along with estimated quantities and market analysis.",startup_ideas,1,"[{""name"":""keywords"",""type"":""textarea"",""question"":""Keywords"",""select"":""""}]","<svg xmlns=""http://www.w3.org/2000/svg"" height=""48"" viewBox=""0 0 24 24"" width=""48""><path d=""M0 0h24v24H0z"" fill=""none""/><path d=""M5 2v2H3v2h2v2h2V6h2V4H5zm12 0v2h4v4h2V6h2V4h-2V2h-2zm-4 4h2v4h-2zm4 4h2v4h-2zm-4 0h2v4h-2zm-6 6h2v2H7v-2zm4 0h2v2h-2zm4 0h2v2h-2zm4 0h2v2h-2zm-12 2h2v2H3v-2zm8 0h2v2h-2zm4 0h2v2h-2z""/></svg>",0,text,"Generate innovative startup ideas based on the provided keywords '**keywords**'. Identify market opportunities, target audience, and potential business models.",1,0,#D6A3A3,business,NULL,2025-09-26T14:23:30.000000Z,2025-09-26T14:23:30.000000Z
60,NULL,PAS,"Generate Persuasion-Awareness-Solution (PAS) frameworks for persuasive communication strategies.",pas,1,"[{""name"":""pain"",""type"":""textarea"",""question"":""Pain"",""select"":""""},{""name"":""agitation"",""type"":""textarea"",""question"":""Agitation"",""select"":""""},{""name"":""solution"",""type"":""textarea"",""question"":""Solution"",""select"":""""}]","<svg xmlns=""http://www.w3.org/2000/svg"" height=""48"" viewBox=""0 0 24 24"" width=""48""><path d=""M0 0h24v24H0z"" fill=""none""/><path d=""M5 2v2H3v2h2v2h2V6h2V4H5zm12 0v2h4v4h2V6h2V4h-2V2h-2zm-4 4h2v4h-2zm4 4h2v4h-2zm-4 0h2v4h-2zm-6 6h2v2H7v-2zm4 0h2v2h-2zm4 0h2v2h-2zm4 0h2v2h-2zm-12 2h2v2H3v-2zm8 0h2v2h-2zm4 0h2v2h-2z""/></svg>",0,text,"Create Problem-Agitate-Solution (PAS) frameworks for effective marketing campaigns. Identify the pain point '**pain**', agitate the problem '**agitation**', and present the solution '**solution**'.",1,0,#D6A3A3,business,NULL,2025-09-26T14:23:31.000000Z,2025-09-26T14:23:31.000000Z
61,NULL,AIDA,"Create Attention-Interest-Desire-Action (AIDA) frameworks for effective marketing campaigns.",aida,1,"[{""name"":""attention"",""type"":""textarea"",""question"":""Attention"",""select"":""""},{""name"":""interest"",""type"":""textarea"",""question"":""Interest"",""select"":""""},{""name"":""desire"",""type"":""textarea"",""question"":""Desire"",""select"":""""},{""name"":""action"",""type"":""textarea"",""question"":""Action"",""select"":""""}]","<svg xmlns=""http://www.w3.org/2000/svg"" height=""48"" viewBox=""0 0 24 24"" width=""48""><path d=""M0 0h24v24H0z"" fill=""none""/><path d=""M15 8V4H5c-1.1 0-2 .9-2 2v12c0 1.1.9 2 2 2h14c1.1 0 2-.9 2-2V9c0-1.1-.9-2-2-2h-4z""/><path d=""M17 8h-4V4h4v4zm-2-2v-1H9v1h6zM19 18H5V9h14v9zm0-10H5V6h14v2z""/></svg>",0,text,"Develop Attention-Interest-Desire-Action (AIDA) frameworks for marketing strategies. Capture attention with '**attention**', generate interest with '**interest**', create desire with '**desire**', and prompt action with '**action**'.",1,0,#C2D6D6,business,NULL,2025-09-26T14:23:31.000000Z,2025-09-26T14:23:31.000000Z
62,NULL,Strategy,"Generate strategic plans and frameworks for business development and growth.",strategy,1,"[{""name"":""keywords"",""type"":""textarea"",""question"":""Keywords"",""select"":""""}]","<svg xmlns=""http://www.w3.org/2000/svg"" height=""48"" viewBox=""0 0 24 24"" width=""48""><path d=""M0 0h24v24H0z"" fill=""none""/><path d=""M3 4v16h18V4H3zm16 14H5V6h14v12zm-6-3v-1h3v1h-3zM7 11h10v1H7v-1z""/></svg>",0,text,"Develop strategic plans and initiatives based on the provided keywords '**keywords**'. Identify objectives, key actions, and performance indicators to achieve desired outcomes.",1,0,#D6C2C2,business,NULL,2025-09-26T14:23:31.000000Z,2025-09-26T14:23:31.000000Z
63,NULL,"Personal Bio","Generate compelling personal biographies for professional profiles and portfolios.",personal_bio,1,"[{""name"":""your_name"",""type"":""text"",""question"":""Your Name"",""select"":""""},{""name"":""your_summary"",""type"":""textarea"",""question"":""Your Summary"",""select"":""""}]","<svg xmlns=""http://www.w3.org/2000/svg"" height=""48"" viewBox=""0 0 24 24"" width=""48""><path d=""M0 0h24v24H0z"" fill=""none""/><path d=""M3 4v16h18V4H3zm16 14H5V6h14v12zm-6-3v-1h3v1h-3zM7 11h10v1H7v-1z""/></svg>",0,text,"Generate a compelling personal biography for **your_name**. Highlight your professional achievements, skills, and experiences. **your_summary**.",1,0,#C2D6D6,business,NULL,2025-09-26T14:23:32.000000Z,2025-09-26T14:23:32.000000Z
64,NULL,"Career Advice","Provide career advice and guidance tailored to individual skills, goals, and aspirations.",career_advice,1,"[{""name"":""keywords"",""type"":""textarea"",""question"":""Keywords"",""select"":""""}]","<svg xmlns=""http://www.w3.org/2000/svg"" height=""48"" viewBox=""0 0 24 24"" width=""48""><path d=""M0 0h24v24H0z"" fill=""none""/><path d=""M3 4v16h18V4H3zm16 14H5V6h14v12zm-6-3v-1h3v1h-3zM7 11h10v1H7v-1z""/></svg>",0,text,"Provide career advice and guidance tailored to individual skills, goals, and aspirations based on the provided keywords '**keywords**'. Offer personalized recommendations for career advancement and growth.",1,0,#D6A3A3,business,NULL,2025-09-26T14:23:32.000000Z,2025-09-26T14:23:32.000000Z
65,NULL,"Cost Benefit Analysis","Conduct cost-benefit analyses to evaluate potential business decisions and investments.",cost_benefit_analysis,1,"[{""name"":""keywords"",""type"":""textarea"",""question"":""Keywords"",""select"":""""}]","<svg xmlns=""http://www.w3.org/2000/svg"" height=""48"" viewBox=""0 0 24 24"" width=""48""><path d=""M0 0h24v24H0z"" fill=""none""/><path d=""M19 5v14H5V5h14m0-2H5c-1.11 0-2 .9-2 2v14c0 1.1.89 2 2 2h14c1.1 0 2-.9 2-2V5c0-1.1-.9-2-2-2z""/><path d=""M7 10h10v2H7zM7 14h10v2H7z""/></svg>",0,text,"Conduct cost-benefit analyses to evaluate potential business decisions and investments based on the provided keywords '**keywords**'. Identify costs, benefits, and calculate the ROI for various scenarios.",1,0,#D6C2C2,business,NULL,2025-09-26T14:23:33.000000Z,2025-09-26T14:23:33.000000Z
66,NULL,Brainstorming,"Generate creative ideas and solutions through structured brainstorming sessions.",brainstorming,1,"[{""name"":""keywords"",""type"":""textarea"",""question"":""Keywords"",""select"":""""}]","<svg xmlns=""http://www.w3.org/2000/svg"" height=""48"" viewBox=""0 0 24 24"" width=""48""><path d=""M0 0h24v24H0z"" fill=""none""/><path d=""M19 5v14H5V5h14m0-2H5c-1.11 0-2 .9-2 2v14c0 1.1.89 2 2 2h14c1.1 0 2-.9 2-2V5c0-1.1-.9-2-2-2z""/><path d=""M7 10h10v2H7zM7 14h10v2H7z""/></svg>",0,text,"Generate creative ideas and solutions through structured brainstorming sessions based on the provided keywords '**keywords**'. Explore innovative concepts and strategies to address specific challenges or opportunities.",1,0,#D6A3A3,business,NULL,2025-09-26T14:23:33.000000Z,2025-09-26T14:23:33.000000Z
67,NULL,"Linkedin Post","Craft engaging and professional posts for sharing on LinkedIn.",linkedin_post,1,"[{""name"":""post_content"",""type"":""textarea"",""question"":""Post Content"",""select"":""""}]","<svg xmlns=""http://www.w3.org/2000/svg"" height=""48"" viewBox=""0 0 24 24"" width=""48""><path d=""M0 0h24v24H0z"" fill=""none""/><path d=""M19 5v14H5V5h14m0-2H5c-1.11 0-2 .9-2 2v14c0 1.1.89 2 2 2h14c1.1 0 2-.9 2-2V5c0-1.1-.9-2-2-2z""/><path d=""M7 10h10v2H7zM7 14h10v2H7z""/></svg>",0,text,"Write a LinkedIn post on the following topic: **post_content**. Provide valuable insights, tips, or updates related to your industry or profession.",1,0,#C2D6D6,business,NULL,2025-09-26T14:23:34.000000Z,2025-09-26T14:23:34.000000Z
68,NULL,"Sales Pitch","Craft persuasive sales pitches to attract potential clients and investors.",sales_pitch,1,"[{""name"":""product_or_service"",""type"":""text"",""question"":""Product or Service"",""select"":""""},{""name"":""target_audience"",""type"":""text"",""question"":""Target Audience"",""select"":""""},{""name"":""unique_selling_proposition"",""type"":""textarea"",""question"":""Unique Selling Proposition"",""select"":""""}]","<svg xmlns=""http://www.w3.org/2000/svg"" height=""48"" viewBox=""0 0 24 24"" width=""48""><path d=""M0 0h24v24H0z"" fill=""none""/><path d=""M19 5v14H5V5h14m0-2H5c-1.11 0-2 .9-2 2v14c0 1.1.89 2 2 2h14c1.1 0 2-.9 2-2V5c0-1.1-.9-2-2-2z""/><path d=""M7 10h10v2H7zM7 14h10v2H7z""/></svg>",0,text,"Craft a persuasive sales pitch for **product_or_service** targeting **target_audience**. Highlight the unique selling proposition '**unique_selling_proposition**' and key benefits.",1,0,#D6C2C2,business,NULL,2025-09-26T14:23:34.000000Z,2025-09-26T14:23:34.000000Z
69,NULL,"Social Media Reply","Craft effective and professional replies to social media comments and messages.",social_media_reply,1,"[{""name"":""platform"",""type"":""text"",""question"":""Platform"",""select"":""""},{""name"":""comment"",""type"":""textarea"",""question"":""Comment/Message"",""select"":""""}]","<svg xmlns=""http://www.w3.org/2000/svg"" viewBox=""0 0 24 24"" width=""48"" height=""48""><path d=""M12 2a10 10 0 00-10 10c0 5.523 4.477 10 10 10s10-4.477 10-10A10 10 0 0012 2zm-.25 15h-1.5V12h1.5v5zm0-6h-1.5V8h1.5v3z""/></svg>",0,text,"Craft a professional reply for a comment/message on **platform**. The comment/message is: **comment**.",1,0,#D6A3A3,"customer service",NULL,2025-09-26T14:23:34.000000Z,2025-09-26T14:23:34.000000Z
70,NULL,"Apology Email","Write a sincere and professional apology email for any situation.",apology_email,1,"[{""name"":""recipient_name"",""type"":""text"",""question"":""Recipient Name"",""select"":""""},{""name"":""issue_description"",""type"":""textarea"",""question"":""Issue Description"",""select"":""""}]","<svg xmlns=""http://www.w3.org/2000/svg"" viewBox=""0 0 24 24"" width=""48"" height=""48""><path d=""M12 2a10 10 0 100 20 10 10 0 000-20zM6 10h12v2H6v-2zm1 4h10v2H7v-2z""/></svg>",0,text,"Write a professional apology email to **recipient_name** regarding the following issue: **issue_description**.",1,0,#FFBD33,"customer service",NULL,2025-09-26T14:23:35.000000Z,2025-09-26T14:23:35.000000Z
71,NULL,"Ticket Reply","Generate professional replies for customer support tickets.",ticket_reply,1,"[{""name"":""ticket_id"",""type"":""text"",""question"":""Ticket ID"",""select"":""""},{""name"":""ticket_content"",""type"":""textarea"",""question"":""Ticket Content"",""select"":""""}]","<svg xmlns=""http://www.w3.org/2000/svg"" viewBox=""0 0 24 24"" width=""48"" height=""48""><path d=""M4 2h16v20H4V2zm2 2v16h12V4H6zm2 2h8v2H8V6zm0 4h8v2H8v-2zm0 4h8v2H8v-2z""/></svg>",0,text,"Generate a professional reply for the support ticket with ID **ticket_id**. The ticket content is: **ticket_content**.",1,0,#C2D6D6,"customer service",NULL,2025-09-26T14:23:35.000000Z,2025-09-26T14:23:35.000000Z
72,NULL,"Article Generator - Documentation","Generate detailed documentation articles based on the provided topics and instructions.",article_generator_documentation,1,"[{""name"":""topic"",""type"":""textarea"",""question"":""Article Topic"",""select"":""""},{""name"":""instructions"",""type"":""textarea"",""question"":""Instructions"",""select"":""""}]","<svg xmlns=""http://www.w3.org/2000/svg"" viewBox=""0 0 24 24"" width=""48"" height=""48""><path d=""M19 2H5a2 2 0 00-2 2v16a2 2 0 002 2h14a2 2 0 002-2V4a2 2 0 00-2-2zm0 18H5V4h14v16zm-4-5H9v-2h6v2zm0-4H9V9h6v2zm0-4H9V5h6v2z""/></svg>",0,text,"Generate a detailed documentation article on the topic **topic**. Follow these instructions: **instructions**.",1,0,#3498DB,"customer service",NULL,2025-09-26T14:23:36.000000Z,2025-09-26T14:23:36.000000Z
115,NULL,"Video Idea","Generate ideas for video content.",video_idea,1,"[{""name"":""topic"",""type"":""textarea"",""question"":""Video Topic"",""select"":""""}]","<svg xmlns=""http://www.w3.org/2000/svg"" viewBox=""0 0 24 24"" width=""48"" height=""48""><path d=""M4 4h16v2H4V4zm0 6h16v2H4V10zm0 6h16v2H4v-2zm0 6h16v2H4v-2zm0 4h16v2H4v-2z""/></svg>",0,text,"Generate ideas for video content on **topic**.",1,0,#D6A3A3,"social media",NULL,2025-09-26T14:23:54.000000Z,2025-09-26T14:23:54.000000Z
73,NULL,"Song Lyrics","Generate creative and original song lyrics for any genre.",song_lyrics,1,"[{""name"":""genre"",""type"":""text"",""question"":""Genre"",""select"":""""},{""name"":""theme"",""type"":""text"",""question"":""Theme"",""select"":""""}]","<svg xmlns=""http://www.w3.org/2000/svg"" viewBox=""0 0 24 24"" width=""48"" height=""48""><path d=""M12 2a10 10 0 100 20 10 10 0 000-20zM6 10h12v2H6v-2zm1 4h10v2H7v-2z""/></svg>",0,text,"Generate song lyrics in the **genre** genre with the theme of **theme**.",1,0,#D6A3A3,entertainment,NULL,2025-09-26T14:23:36.000000Z,2025-09-26T14:23:36.000000Z
74,NULL,Jokes,"Create funny and entertaining jokes.",jokes,1,"[{""name"":""topic"",""type"":""text"",""question"":""Joke Topic"",""select"":""""}]","<svg xmlns=""http://www.w3.org/2000/svg"" viewBox=""0 0 24 24"" width=""48"" height=""48""><path d=""M12 2a10 10 0 100 20 10 10 0 000-20zM6 10h12v2H6v-2zm1 4h10v2H7v-2z""/></svg>",0,text,"Create a joke about **topic**.",1,0,#FFBD33,entertainment,NULL,2025-09-26T14:23:37.000000Z,2025-09-26T14:23:37.000000Z
75,NULL,"Event Planner","Plan a detailed event itinerary.",event_planner,1,"[{""name"":""event_type"",""type"":""text"",""question"":""Event Type"",""select"":""""},{""name"":""details"",""type"":""textarea"",""question"":""Event Details"",""select"":""""}]","<svg xmlns=""http://www.w3.org/2000/svg"" viewBox=""0 0 24 24"" width=""48"" height=""48""><path d=""M12 2a10 10 0 100 20 10 10 0 000-20zM6 10h12v2H6v-2zm1 4h10v2H7v-2z""/></svg>",0,text,"Plan an event of type **event_type** with the following details: **details**.",1,0,#C2D6D6,entertainment,NULL,2025-09-26T14:23:37.000000Z,2025-09-26T14:23:37.000000Z
76,NULL,"Travel Planner","Create a detailed travel itinerary for any destination.",travel_planner,1,"[{""name"":""destination"",""type"":""text"",""question"":""Destination"",""select"":""""},{""name"":""preferences"",""type"":""textarea"",""question"":""Preferences"",""select"":""""}]","<svg xmlns=""http://www.w3.org/2000/svg"" viewBox=""0 0 24 24"" width=""48"" height=""48""><path d=""M12 2a10 10 0 100 20 10 10 0 000-20zM6 10h12v2H6v-2zm1 4h10v2H7v-2z""/></svg>",0,text,"Plan a travel itinerary to **destination** with the following preferences: **preferences**.",1,0,#3498DB,entertainment,NULL,2025-09-26T14:23:37.000000Z,2025-09-26T14:23:37.000000Z
77,NULL,"Gift Ideas","Generate creative and personalized gift ideas.",gift_ideas,1,"[{""name"":""recipient"",""type"":""text"",""question"":""Recipient"",""select"":""""},{""name"":""occasion"",""type"":""text"",""question"":""Occasion"",""select"":""""}]","<svg xmlns=""http://www.w3.org/2000/svg"" viewBox=""0 0 24 24"" width=""48"" height=""48""><path d=""M12 2a10 10 0 100 20 10 10 0 000-20zM6 10h12v2H6v-2zm1 4h10v2H7v-2z""/></svg>",0,text,"Generate gift ideas for **recipient** on the occasion of **occasion**.",1,0,#D6A3A3,entertainment,NULL,2025-09-26T14:23:38.000000Z,2025-09-26T14:23:38.000000Z
78,NULL,"Product Features","Highlight the key features of a product.",product_features,1,"[{""name"":""product_name"",""type"":""text"",""question"":""Product Name"",""select"":""""},{""name"":""features"",""type"":""textarea"",""question"":""Features"",""select"":""""}]","<svg xmlns=""http://www.w3.org/2000/svg"" viewBox=""0 0 24 24"" width=""48"" height=""48""><path d=""M4 4h16v16H4V4zm8 2v2H8V6h4zm0 4v2H8v-2h4zm0 4v2H8v-2h4z""/></svg>",0,text,"List the key features of **product_name**. The features are: **features**.",1,0,#FFBD33,ecommerce,NULL,2025-09-26T14:23:38.000000Z,2025-09-26T14:23:38.000000Z
79,NULL,"Product Name Ideas","Generate creative and catchy product name ideas.",product_name_ideas,1,"[{""name"":""product_type"",""type"":""text"",""question"":""Product Type"",""select"":""""},{""name"":""quantity"",""type"":""number"",""question"":""Number of Names"",""select"":""""}]","<svg xmlns=""http://www.w3.org/2000/svg"" viewBox=""0 0 24 24"" width=""48"" height=""48""><path d=""M12 2a10 10 0 100 20 10 10 0 000-20zm1 14h-2v-2h2v2zm0-4h-2V7h2v5z""/></svg>",0,text,"Generate **quantity** product name ideas for a **product_type**.",1,0,#C2D6D6,ecommerce,NULL,2025-09-26T14:23:39.000000Z,2025-09-26T14:23:39.000000Z
80,NULL,"Why Choose This Product","Explain why a customer should choose a specific product.",why_choose_this_product,1,"[{""name"":""product_name"",""type"":""text"",""question"":""Product Name"",""select"":""""},{""name"":""reasons"",""type"":""textarea"",""question"":""Reasons"",""select"":""""}]","<svg xmlns=""http://www.w3.org/2000/svg"" viewBox=""0 0 24 24"" width=""48"" height=""48""><path d=""M2 2v20l20-10L2 2zm2.5 5L17 12 4.5 17V7z""/></svg>",0,text,"Explain why a customer should choose **product_name**. The reasons are: **reasons**.",1,0,#3498DB,ecommerce,NULL,2025-09-26T14:23:39.000000Z,2025-09-26T14:23:39.000000Z
81,NULL,Reviews,"Generate detailed reviews for a product.",reviews,1,"[{""name"":""product_name"",""type"":""text"",""question"":""Product Name"",""select"":""""},{""name"":""review_details"",""type"":""textarea"",""question"":""Review Details"",""select"":""""}]","<svg xmlns=""http://www.w3.org/2000/svg"" viewBox=""0 0 24 24"" width=""48"" height=""48""><path d=""M12 2a10 10 0 100 20 10 10 0 000-20zm0 2a8 8 0 110 16 8 8 0 010-16zm-1 4h2v5h-2V8zm0 7h2v2h-2v-2z""/></svg>",0,text,"Write a detailed review for **product_name**. The review details are: **review_details**.",1,0,#D6A3A3,ecommerce,NULL,2025-09-26T14:23:39.000000Z,2025-09-26T14:23:39.000000Z
82,NULL,"Review Responder","Craft professional responses to customer reviews.",review_responder,1,"[{""name"":""review"",""type"":""textarea"",""question"":""Customer Review"",""select"":""""},{""name"":""response"",""type"":""textarea"",""question"":""Response"",""select"":""""}]","<svg xmlns=""http://www.w3.org/2000/svg"" viewBox=""0 0 24 24"" width=""48"" height=""48""><path d=""M21 3H3v14h6v4l4-4h8V3zM5 5h14v10h-7.172L11 17.828V15H5V5z""/></svg>",0,text,"Craft a professional response to the following customer review: **review**. The response is: **response**.",1,0,#FFBD33,ecommerce,NULL,2025-09-26T14:23:40.000000Z,2025-09-26T14:23:40.000000Z
83,NULL,Amazon,"Generate Amazon product listings and descriptions.",amazon,1,"[{""name"":""product_name"",""type"":""text"",""question"":""Product Name"",""select"":""""},{""name"":""product_details"",""type"":""textarea"",""question"":""Product Details"",""select"":""""}]","<svg xmlns=""http://www.w3.org/2000/svg"" viewBox=""0 0 24 24"" width=""48"" height=""48""><path d=""M5 4h14v2H5V4zm0 4h14v2H5V8zm0 4h10v2H5v-2zm0 4h8v2H5v-2z""/></svg>",0,text,"Generate an Amazon product listing for **product_name**. The product details are: **product_details**.",1,0,#C2D6D6,ecommerce,NULL,2025-09-26T14:23:40.000000Z,2025-09-26T14:23:40.000000Z
84,NULL,Sitemap,"Generate a comprehensive sitemap for your website.",sitemap,1,"[{""name"":""website_url"",""type"":""text"",""question"":""Website URL"",""select"":""""}]","<svg xmlns=""http://www.w3.org/2000/svg"" viewBox=""0 0 24 24"" width=""48"" height=""48""><path d=""M4 4h16v2H4V4zm0 4h16v2H4V8zm0 4h16v2H4v-2zm0 4h16v2H4v-2zm0 4h16v2H4v-2z""/></svg>",0,text,"Generate a sitemap for the website: **website_url**.",1,0,#D6A3A3,website,NULL,2025-09-26T14:23:41.000000Z,2025-09-26T14:23:41.000000Z
85,NULL,Tagline,"Create a catchy and memorable tagline for your website.",tagline,1,"[{""name"":""website_name"",""type"":""text"",""question"":""Website Name"",""select"":""""},{""name"":""description"",""type"":""textarea"",""question"":""Website Description"",""select"":""""}]","<svg xmlns=""http://www.w3.org/2000/svg"" viewBox=""0 0 24 24"" width=""48"" height=""48""><path d=""M12 2a10 10 0 100 20 10 10 0 000-20zm-2 14h4v-2h-4v2zm-2-4h8v-2H8v2zm0-4h8V6H8v2z""/></svg>",0,text,"Create a catchy tagline for **website_name**. Description: **description**.",1,0,#FFBD33,website,NULL,2025-09-26T14:23:41.000000Z,2025-09-26T14:23:41.000000Z
116,NULL,"Video Description","Generate descriptions for videos.",video_description,1,"[{""name"":""video_topic"",""type"":""textarea"",""question"":""Video Topic"",""select"":""""}]","<svg xmlns=""http://www.w3.org/2000/svg"" viewBox=""0 0 24 24"" width=""48"" height=""48""><path d=""M4 4h16v2H4V4zm0 6h16v2H4V10zm0 6h16v2H4v-2zm0 6h16v2H4v-2z""/></svg>",0,text,"Generate descriptions for videos on **video_topic**.",1,0,#3498DB,"social media",NULL,2025-09-26T14:23:54.000000Z,2025-09-26T14:23:54.000000Z
86,NULL,"UX Ideas","Generate innovative UX ideas to improve user experience.",ux_ideas,1,"[{""name"":""website_name"",""type"":""text"",""question"":""Website Name"",""select"":""""},{""name"":""current_issues"",""type"":""textarea"",""question"":""Current UX Issues"",""select"":""""}]","<svg xmlns=""http://www.w3.org/2000/svg"" viewBox=""0 0 24 24"" width=""48"" height=""48""><path d=""M4 4h16v2H4V4zm0 4h16v2H4V8zm0 4h16v2H4v-2zm0 4h16v2H4v-2zm0 4h16v2H4v-2z""/></svg>",0,text,"Provide UX improvement ideas for **website_name**. Current issues: **current_issues**.",1,0,#C2D6D6,website,NULL,2025-09-26T14:23:41.000000Z,2025-09-26T14:23:41.000000Z
87,NULL,"Design Ideas","Get creative design ideas for your website.",design_ideas,1,"[{""name"":""website_name"",""type"":""text"",""question"":""Website Name"",""select"":""""},{""name"":""design_preferences"",""type"":""textarea"",""question"":""Design Preferences"",""select"":""""}]","<svg xmlns=""http://www.w3.org/2000/svg"" viewBox=""0 0 24 24"" width=""48"" height=""48""><path d=""M4 4h16v2H4V4zm0 4h16v2H4V8zm0 4h16v2H4v-2zm0 4h16v2H4v-2zm0 4h16v2H4v-2z""/></svg>",0,text,"Generate design ideas for **website_name**. Preferences: **design_preferences**.",1,0,#3498DB,website,NULL,2025-09-26T14:23:42.000000Z,2025-09-26T14:23:42.000000Z
88,NULL,"Services Page","Create detailed content for your services page.",services_page,1,"[{""name"":""service_name"",""type"":""text"",""question"":""Service Name"",""select"":""""},{""name"":""service_details"",""type"":""textarea"",""question"":""Service Details"",""select"":""""}]","<svg xmlns=""http://www.w3.org/2000/svg"" viewBox=""0 0 24 24"" width=""48"" height=""48""><path d=""M4 4h16v2H4V4zm0 4h16v2H4V8zm0 4h16v2H4v-2zm0 4h16v2H4v-2zm0 4h16v2H4v-2z""/></svg>",0,text,"Write content for the services page for **service_name**. Details: **service_details**.",1,0,#D6A3A3,website,NULL,2025-09-26T14:23:42.000000Z,2025-09-26T14:23:42.000000Z
89,NULL,"Features Page","Create detailed content for your features page.",features_page,1,"[{""name"":""feature_name"",""type"":""text"",""question"":""Feature Name"",""select"":""""},{""name"":""feature_details"",""type"":""textarea"",""question"":""Feature Details"",""select"":""""}]","<svg xmlns=""http://www.w3.org/2000/svg"" viewBox=""0 0 24 24"" width=""48"" height=""48""><path d=""M4 4h16v2H4V4zm0 4h16v2H4V8zm0 4h16v2H4v-2zm0 4h16v2H4v-2zm0 4h16v2H4v-2z""/></svg>",0,text,"Write content for the features page for **feature_name**. Details: **feature_details**.",1,0,#FFBD33,website,NULL,2025-09-26T14:23:43.000000Z,2025-09-26T14:23:43.000000Z
90,NULL,"Keyword Generator","Generate relevant keywords for your website content.",keyword_generator,1,"[{""name"":""topic"",""type"":""text"",""question"":""Topic"",""select"":""""}]","<svg xmlns=""http://www.w3.org/2000/svg"" viewBox=""0 0 24 24"" width=""48"" height=""48""><path d=""M4 4h16v2H4V4zm0 4h16v2H4V8zm0 4h16v2H4v-2zm0 4h16v2H4v-2zm0 4h16v2H4v-2z""/></svg>",0,text,"Generate relevant keywords for the topic: **topic**.",1,0,#C2D6D6,website,NULL,2025-09-26T14:23:43.000000Z,2025-09-26T14:23:43.000000Z
91,NULL,"Keyword Extractor","Extract important keywords from your website content.",keyword_extractor,1,"[{""name"":""content"",""type"":""textarea"",""question"":""Content"",""select"":""""}]","<svg xmlns=""http://www.w3.org/2000/svg"" viewBox=""0 0 24 24"" width=""48"" height=""48""><path d=""M4 4h16v2H4V4zm0 4h16v2H4V8zm0 4h16v2H4v-2zm0 4h16v2H4v-2zm0 4h16v2H4v-2z""/></svg>",0,text,"Extract keywords from the following content: **content**.",1,0,#3498DB,website,NULL,2025-09-26T14:23:44.000000Z,2025-09-26T14:23:44.000000Z
92,NULL,SEO,"Optimize your website content for search engines.",seo,1,"[{""name"":""content"",""type"":""textarea"",""question"":""Content"",""select"":""""},{""name"":""keywords"",""type"":""textarea"",""question"":""Keywords"",""select"":""""}]","<svg xmlns=""http://www.w3.org/2000/svg"" viewBox=""0 0 24 24"" width=""48"" height=""48""><path d=""M4 4h16v2H4V4zm0 4h16v2H4V8zm0 4h16v2H4v-2zm0 4h16v2H4v-2zm0 4h16v2H4v-2z""/></svg>",0,text,"Optimize the website content for search engines. Content: **content**. Keywords: **keywords**.",1,0,#D6A3A3,website,NULL,2025-09-26T14:23:44.000000Z,2025-09-26T14:23:44.000000Z
93,NULL,Testimonials,"Generate authentic testimonials for your website.",testimonials,1,"[{""name"":""customer_name"",""type"":""text"",""question"":""Customer Name"",""select"":""""},{""name"":""testimonial"",""type"":""textarea"",""question"":""Testimonial"",""select"":""""}]","<svg xmlns=""http://www.w3.org/2000/svg"" viewBox=""0 0 24 24"" width=""48"" height=""48""><path d=""M4 4h16v2H4V4zm0 4h16v2H4V8zm0 4h16v2H4v-2zm0 4h16v2H4v-2zm0 4h16v2H4v-2z""/></svg>",0,text,"Generate a testimonial for **customer_name**. Testimonial: **testimonial**.",1,0,#FFBD33,website,NULL,2025-09-26T14:23:44.000000Z,2025-09-26T14:23:44.000000Z
94,NULL,"Landing Page Content - Copywriting","Create compelling copy for your landing page.",landing_page_copywriting,1,"[{""name"":""product_name"",""type"":""text"",""question"":""Product Name"",""select"":""""},{""name"":""benefits"",""type"":""textarea"",""question"":""Benefits"",""select"":""""}]","<svg xmlns=""http://www.w3.org/2000/svg"" viewBox=""0 0 24 24"" width=""48"" height=""48""><path d=""M4 4h16v2H4V4zm0 4h16v2H4V8zm0 4h16v2H4v-2zm0 4h16v2H4v-2zm0 4h16v2H4v-2z""/></svg>",0,text,"Write compelling copy for the landing page of **product_name**. Benefits: **benefits**.",1,0,#C2D6D6,website,NULL,2025-09-26T14:23:45.000000Z,2025-09-26T14:23:45.000000Z
95,NULL,"Website - Copywriting","Create engaging copy for your website pages.",website_copywriting,1,"[{""name"":""page_name"",""type"":""text"",""question"":""Page Name"",""select"":""""},{""name"":""content"",""type"":""textarea"",""question"":""Content"",""select"":""""}]","<svg xmlns=""http://www.w3.org/2000/svg"" viewBox=""0 0 24 24"" width=""48"" height=""48""><path d=""M4 4h16v2H4V4zm0 4h16v2H4V8zm0 4h16v2H4v-2zm0 4h16v2H4v-2zm0 4h16v2H4v-2z""/></svg>",0,text,"Write engaging copy for the **page_name** page. Content: **content**.",1,0,#3498DB,website,NULL,2025-09-26T14:23:45.000000Z,2025-09-26T14:23:45.000000Z
96,NULL,FAQ,"Generate frequently asked questions for your website.",faq,1,"[{""name"":""topic"",""type"":""text"",""question"":""Topic"",""select"":""""}]","<svg xmlns=""http://www.w3.org/2000/svg"" viewBox=""0 0 24 24"" width=""48"" height=""48""><path d=""M4 4h16v2H4V4zm0 4h16v2H4V8zm0 4h16v2H4v-2zm0 4h16v2H4v-2zm0 4h16v2H4v-2z""/></svg>",0,text,"Generate frequently asked questions on the topic: **topic**.",1,0,#D6A3A3,website,NULL,2025-09-26T14:23:46.000000Z,2025-09-26T14:23:46.000000Z
97,NULL,"Call to Action","Create compelling calls to action for your website.",call_to_action,1,"[{""name"":""action"",""type"":""textarea"",""question"":""Action"",""select"":""""}]","<svg xmlns=""http://www.w3.org/2000/svg"" viewBox=""0 0 24 24"" width=""48"" height=""48""><path d=""M4 4h16v2H4V4zm0 4h16v2H4V8zm0 4h16v2H4v-2zm0 4h16v2H4v-2zm0 4h16v2H4v-2zm0 4h16v2H4v-2z""/></svg>",0,text,"Create a compelling call to action: **action**.",1,0,#FFBD33,website,NULL,2025-09-26T14:23:46.000000Z,2025-09-26T14:23:46.000000Z
98,NULL,"Rewrite with Keywords","Rewrite website content with targeted keywords.",rewrite_with_keywords,1,"[{""name"":""content"",""type"":""textarea"",""question"":""Content"",""select"":""""},{""name"":""keywords"",""type"":""textarea"",""question"":""Keywords"",""select"":""""}]","<svg xmlns=""http://www.w3.org/2000/svg"" viewBox=""0 0 24 24"" width=""48"" height=""48""><path d=""M4 4h16v2H4V4zm0 4h16v2H4V8zm0 4h16v2H4V8zm0 4h16v2H4v-2zm0 4h16v2H4v-2zm0 4h16v2H4v-2zm0 4h16v2H4v-2z""/></svg>",0,text,"Rewrite the content with targeted keywords. Content: **content**. Keywords: **keywords**.",1,0,#3498DB,website,NULL,2025-09-26T14:23:46.000000Z,2025-09-26T14:23:46.000000Z
99,NULL,"Privacy Policy","Generate a privacy policy for your website.",privacy_policy,1,"[{""name"":""company_name"",""type"":""text"",""question"":""Company Name"",""select"":""""}]","<svg xmlns=""http://www.w3.org/2000/svg"" viewBox=""0 0 24 24"" width=""48"" height=""48""><path d=""M4 4h16v2H4V4zm0 4h16v2H4V8zm0 4h16v2H4v-2zm0 4h16v2H4v-2zm0 4h16v2H4v-2zm0 4h16v2H4v-2z""/></svg>",0,text,"Generate a privacy policy for **company_name**.",1,0,#D6A3A3,website,NULL,2025-09-26T14:23:47.000000Z,2025-09-26T14:23:47.000000Z
100,NULL,"Terms and Conditions","Generate terms and conditions for your website.",terms_and_conditions,1,"[{""name"":""company_name"",""type"":""text"",""question"":""Company Name"",""select"":""""}]","<svg xmlns=""http://www.w3.org/2000/svg"" viewBox=""0 0 24 24"" width=""48"" height=""48""><path d=""M4 4h16v2H4V4zm0 4h16v2H4V8zm0 4h16v2H4v-2zm0 4h16v2H4v-2zm0 4h16v2H4v-2zm0 4h16v2H4v-2z""/></svg>",0,text,"Generate terms and conditions for **company_name**.",1,0,#FFBD33,website,NULL,2025-09-26T14:23:47.000000Z,2025-09-26T14:23:47.000000Z
101,NULL,"Blog Ideas","Generate creative ideas for your next blog post.",blog_ideas,1,"[{""name"":""topic"",""type"":""textarea"",""question"":""Blog Topic"",""select"":""""}]","<svg xmlns=""http://www.w3.org/2000/svg"" viewBox=""0 0 24 24"" width=""48"" height=""48""><path d=""M4 4h16v2H4V4zm0 4h16v2H4V8zm0 4h16v2H4v-2zm0 4h16v2H4v-2zm0 4h16v2H4v-2zm0 4h16v2H4v-2z""/></svg>",0,text,"Generate creative ideas for your next blog post on the topic: **topic**.",1,0,#D6A3A3,blog,NULL,2025-09-26T14:23:48.000000Z,2025-09-26T14:23:48.000000Z
102,NULL,"Blog Intro","Generate an engaging introduction for your blog post.",blog_intro,1,"[{""name"":""topic"",""type"":""text"",""question"":""Blog Topic"",""select"":""""}]","<svg xmlns=""http://www.w3.org/2000/svg"" viewBox=""0 0 24 24"" width=""48"" height=""48""><path d=""M4 4h16v2H4V4zm0 4h16v2H4V8zm0 4h16v2H4v-2zm0 4h16v2H4v-2zm0 4h16v2H4v-2zm0 4h16v2H4v-2z""/></svg>",0,text,"Generate an engaging introduction for your blog post on **topic**.",1,0,#FFBD33,blog,NULL,2025-09-26T14:23:48.000000Z,2025-09-26T14:23:48.000000Z
103,NULL,"Blog Outline","Generate an outline for your blog post.",blog_outline,1,"[{""name"":""topic"",""type"":""text"",""question"":""Blog Topic"",""select"":""""},{""name"":""sections"",""type"":""textarea"",""question"":""Sections"",""select"":""""}]","<svg xmlns=""http://www.w3.org/2000/svg"" viewBox=""0 0 24 24"" width=""48"" height=""48""><path d=""M4 4h16v2H4V4zm0 4h16v2H4V8zm0 4h16v2H4v-2zm0 4h16v2H4v-2zm0 4h16v2H4v-2zm0 4h16v2H4v-2z""/></svg>",0,text,"Generate an outline for your blog post on **topic**. Sections: **sections**.",1,0,#3498DB,blog,NULL,2025-09-26T14:23:48.000000Z,2025-09-26T14:23:48.000000Z
104,NULL,"Blog Article","Generate a full article for your blog post.",blog_article,1,"[{""name"":""topic"",""type"":""text"",""question"":""Blog Topic"",""select"":""""},{""name"":""sections"",""type"":""textarea"",""question"":""Sections"",""select"":""""}]","<svg xmlns=""http://www.w3.org/2000/svg"" viewBox=""0 0 24 24"" width=""48"" height=""48""><path d=""M4 4h16v2H4V4zm0 4h16v2H4V8zm0 4h16v2H4v-2zm0 4h16v2H4v-2zm0 4h16v2H4v-2zm0 4h16v2H4v-2z""/></svg>",0,text,"Generate a full article for your blog post on **topic**. Sections: **sections**.",1,0,#FFC300,blog,NULL,2025-09-26T14:23:49.000000Z,2025-09-26T14:23:49.000000Z
105,NULL,"IG Reel Script","Generate a script for an Instagram Reel video.",ig_reel_script,1,"[{""name"":""topic"",""type"":""textarea"",""question"":""Video Topic"",""select"":""""}]","<svg xmlns=""http://www.w3.org/2000/svg"" viewBox=""0 0 24 24"" width=""48"" height=""48""><path d=""M4 4h16v2H4V4zm0 4h16v2H4V8zm0 4h16v2H4v-2zm0 4h16v2H4v-2zm0 4h16v2H4v-2zm0 4h16v2H4v-2z""/></svg>",0,text,"Generate a script for an Instagram Reel video on **topic**.",1,0,#D6A3A3,"social media",NULL,2025-09-26T14:23:49.000000Z,2025-09-26T14:23:49.000000Z
106,NULL,"IG Captions","Generate captions for Instagram posts.",ig_captions,1,"[{""name"":""photo_description"",""type"":""textarea"",""question"":""Photo Description"",""select"":""""}]","<svg xmlns=""http://www.w3.org/2000/svg"" viewBox=""0 0 24 24"" width=""48"" height=""48""><path d=""M4 4h16v2H4V4zm0 4h16v2H4V8zm0 4h16v2H4v-2zm0 4h16v2H4v-2zm0 4h16v2H4v-2zm0 4h16v2H4v-2z""/></svg>",0,text,"Generate captions for Instagram posts with the photo description: **photo_description**.",1,0,#3498DB,"social media",NULL,2025-09-26T14:23:50.000000Z,2025-09-26T14:23:50.000000Z
107,NULL,"TikTok Script","Generate a script for a TikTok video.",tiktok_script,1,"[{""name"":""topic"",""type"":""textarea"",""question"":""Video Topic"",""select"":""""}]","<svg xmlns=""http://www.w3.org/2000/svg"" viewBox=""0 0 24 24"" width=""48"" height=""48""><path d=""M4 4h16v2H4V4zm0 4h16v2H4V8zm0 4h16v2H4v-2zm0 4h16v2H4v-2zm0 4h16v2H4v-2zm0 4h16v2H4v-2z""/></svg>",0,text,"Generate a script for a TikTok video on **topic**.",1,0,#D6A3A3,"social media",NULL,2025-09-26T14:23:50.000000Z,2025-09-26T14:23:50.000000Z
108,NULL,"TikTok Video Caption","Generate captions for TikTok videos.",tiktok_video_caption,1,"[{""name"":""video_description"",""type"":""textarea"",""question"":""Video Description"",""select"":""""}]","<svg xmlns=""http://www.w3.org/2000/svg"" viewBox=""0 0 24 24"" width=""48"" height=""48""><path d=""M4 4h16v2H4V4zm0 4h16v2H4V8zm0 4h16v2H4v-2zm0 4h16v2H4v-2zm0 4h16v2H4v-2zm0 4h16v2H4v-2z""/></svg>",0,text,"Generate captions for TikTok videos with the video description: **video_description**.",1,0,#3498DB,"social media",NULL,2025-09-26T14:23:51.000000Z,2025-09-26T14:23:51.000000Z
109,NULL,"TikTok Video Script","Generate a script for a TikTok video.",tiktok_video_script,1,"[{""name"":""topic"",""type"":""textarea"",""question"":""Video Topic"",""select"":""""}]","<svg xmlns=""http://www.w3.org/2000/svg"" viewBox=""0 0 24 24"" width=""48"" height=""48""><path d=""M4 4h16v2H4V4zm0 4h16v2H4V8zm0 4h16v2H4v-2zm0 4h16v2H4v-2zm0 4h16v2H4v-2zm0 4h16v2H4v-2z""/></svg>",0,text,"Generate a script for a TikTok video on **topic**.",1,0,#D6A3A3,"social media",NULL,2025-09-26T14:23:51.000000Z,2025-09-26T14:23:51.000000Z
110,NULL,"Facebook Post","Generate engaging posts for Facebook.",facebook_post,1,"[{""name"":""post_content"",""type"":""textarea"",""question"":""Post Content"",""select"":""""}]","<svg xmlns=""http://www.w3.org/2000/svg"" viewBox=""0 0 24 24"" width=""48"" height=""48""><path d=""M4 4h16v2H4V4zm0 4h16v2H4V8zm0 4h16v2H4v-2zm0 4h16v2H4v-2zm0 4h16v2H4v-2zm0 4h16v2H4v-2z""/></svg>",0,text,"Generate engaging posts for Facebook with the content: **post_content**.",1,0,#3498DB,"social media",NULL,2025-09-26T14:23:51.000000Z,2025-09-26T14:23:51.000000Z
111,NULL,"Facebook Video Script","Generate a script for a Facebook video.",facebook_video_script,1,"[{""name"":""topic"",""type"":""textarea"",""question"":""Video Topic"",""select"":""""}]","<svg xmlns=""http://www.w3.org/2000/svg"" viewBox=""0 0 24 24"" width=""48"" height=""48""><path d=""M4 4h16v2H4V4zm0 4h16v2H4V8zm0 4h16v2H4v-2zm0 4h16v2H4v-2zm0 4h16v2H4v-2zm0 4h16v2H4v-2z""/></svg>",0,text,"Generate a script for a Facebook video on **topic**.",1,0,#3498DB,"social media",NULL,2025-09-26T14:23:52.000000Z,2025-09-26T14:23:52.000000Z
112,NULL,"X Tweet","Generate a tweet for any purpose.",x_tweet,1,"[{""name"":""tweet_content"",""type"":""textarea"",""question"":""Tweet Content"",""select"":""""}]","<svg xmlns=""http://www.w3.org/2000/svg"" viewBox=""0 0 24 24"" width=""48"" height=""48""><path d=""M4 4h16v2H4V4zm0 6h16v2H4V10zm0 6h16v2H4v-2z""/></svg>",0,text,"Generate a tweet with the following content: **tweet_content**.",1,0,#D6A3A3,"social media",NULL,2025-09-26T14:23:52.000000Z,2025-09-26T14:23:52.000000Z
113,NULL,"X Thread","Generate a Twitter thread for any topic.",x_thread,1,"[{""name"":""thread_content"",""type"":""textarea"",""question"":""Thread Content"",""select"":""""}]","<svg xmlns=""http://www.w3.org/2000/svg"" viewBox=""0 0 24 24"" width=""48"" height=""48""><path d=""M4 4h16v2H4V4zm0 6h16v2H4V10zm0 6h16v2H4v-2z""/></svg>",0,text,"Generate a Twitter thread with the following content: **thread_content**.",1,0,#3498DB,"social media",NULL,2025-09-26T14:23:53.000000Z,2025-09-26T14:23:53.000000Z
114,NULL,"Youtube Video to Blog Post","Generate blog posts from YouTube videos.",youtube_video_to_blog_post,1,"[{""name"":""video_url"",""type"":""text"",""question"":""Video URL"",""select"":""""}]","<svg xmlns=""http://www.w3.org/2000/svg"" viewBox=""0 0 24 24"" width=""48"" height=""48""><path d=""M4 4h16v2H4V4zm0 6h16v2H4V10zm0 6h16v2H4v-2zm0 6h16v2H4v-2z""/></svg>",0,text,"Generate blog posts from YouTube videos with the video URL: **video_url**.",1,0,#3498DB,"social media",NULL,2025-09-26T14:23:53.000000Z,2025-09-26T14:23:53.000000Z
117,NULL,"Viral Tweet Idea","Generate ideas for tweets that could potentially go viral.",viral_tweet_idea,1,"[{""name"":""topic"",""type"":""textarea"",""question"":""Tweet Topic"",""select"":""""}]","<svg xmlns=""http://www.w3.org/2000/svg"" viewBox=""0 0 24 24"" width=""48"" height=""48""><path d=""M4 4h16v2H4V4zm0 6h16v2H4V10zm0 6h16v2H4v-2zm0 6h16v2H4v-2zm0 4h16v2H4v-2z""/></svg>",0,text,"Generate ideas for tweets that could potentially go viral on **topic**.",1,0,#D6A3A3,"social media",NULL,2025-09-26T14:23:54.000000Z,2025-09-26T14:23:54.000000Z
118,NULL,"Clickbait Titles","Generate clickbait titles for social media posts.",clickbait_titles,1,"[{""name"":""topic"",""type"":""textarea"",""question"":""Topic"",""select"":""""}]","<svg xmlns=""http://www.w3.org/2000/svg"" viewBox=""0 0 24 24"" width=""48"" height=""48""><path d=""M4 4h16v2H4V4zm0 6h16v2H4V10zm0 6h16v2H4v-2zm0 6h16v2H4v-2zm0 4h16v2H4v-2z""/></svg>",0,text,"Generate clickbait titles for social media posts on **topic**.",1,0,#3498DB,"social media",NULL,2025-09-26T14:23:55.000000Z,2025-09-26T14:23:55.000000Z
119,NULL,"App and SMS Notifications","Generate notifications for mobile apps and SMS.",app_and_sms_notifications,1,"[{""name"":""notification_type"",""type"":""text"",""question"":""Notification Type"",""select"":""""},{""name"":""message"",""type"":""textarea"",""question"":""Message"",""select"":""""}]","<svg xmlns=""http://www.w3.org/2000/svg"" viewBox=""0 0 24 24"" width=""48"" height=""48""><path d=""M4 4h16v2H4V4zm0 6h16v2H4V10zm0 6h16v2H4v-2zm0 6h16v2H4v-2z""/></svg>",0,text,"Generate notifications for **notification_type** with the message: **message**.",1,0,#D6A3A3,"social media",NULL,2025-09-26T14:23:55.000000Z,2025-09-26T14:23:55.000000Z
120,NULL,"Advertising Ideas","Generate ideas for advertising campaigns.",advertising_ideas,1,"[{""name"":""topic"",""type"":""textarea"",""question"":""Advertising Topic"",""select"":""""}]","<svg xmlns=""http://www.w3.org/2000/svg"" viewBox=""0 0 24 24"" width=""48"" height=""48""><path d=""M4 4h16v2H4V4zm0 6h16v2H4V10zm0 6h16v2H4v-2zm0 6h16v2H4v-2zm0 4h16v2H4v-2z""/></svg>",0,text,"Generate ideas for advertising campaigns on **topic**.",1,0,#F1C40F,advertising,NULL,2025-09-26T14:23:56.000000Z,2025-09-26T14:23:56.000000Z
121,NULL,"FB Ad","Generate content for Facebook advertisements.",fb_ad,1,"[{""name"":""ad_content"",""type"":""textarea"",""question"":""Ad Content"",""select"":""""}]","<svg xmlns=""http://www.w3.org/2000/svg"" viewBox=""0 0 24 24"" width=""48"" height=""48""><path d=""M4 4h16v2H4V4zm0 6h16v2H4V10zm0 6h16v2H4v-2zm0 6h16v2H4v-2zm0 4h16v2H4v-2z""/></svg>",0,text,"Generate content for a Facebook advertisement: **ad_content**.",1,0,#C2D6D6,advertising,NULL,2025-09-26T14:23:56.000000Z,2025-09-26T14:23:56.000000Z
122,NULL,"Google Ad","Generate content for Google advertisements.",google_ad,1,"[{""name"":""ad_content"",""type"":""textarea"",""question"":""Ad Content"",""select"":""""}]","<svg xmlns=""http://www.w3.org/2000/svg"" viewBox=""0 0 24 24"" width=""48"" height=""48""><path d=""M4 4h16v2H4V4zm0 6h16v2H4V10zm0 6h16v2H4v-2zm0 6h16v2H4v-2zm0 4h16v2H4v-2z""/></svg>",0,text,"Generate content for a Google advertisement: **ad_content**.",1,0,#D6A3A3,advertising,NULL,2025-09-26T14:23:56.000000Z,2025-09-26T14:23:56.000000Z
123,NULL,"Ad Script","Generate scripts for advertisements.",ad_script,1,"[{""name"":""ad_type"",""type"":""text"",""question"":""Ad Type"",""select"":""""},{""name"":""ad_content"",""type"":""textarea"",""question"":""Ad Content"",""select"":""""}]","<svg xmlns=""http://www.w3.org/2000/svg"" viewBox=""0 0 24 24"" width=""48"" height=""48""><path d=""M4 4h16v2H4V4zm0 6h16v2H4V10zm0 6h16v2H4v-2zm0 6h16v2H4v-2zm0 4h16v2H4v-2z""/></svg>",0,text,"Generate a script for a **ad_type** advertisement: **ad_content**.",1,0,#3498DB,advertising,NULL,2025-09-26T14:23:57.000000Z,2025-09-26T14:23:57.000000Z
124,NULL,"TV Ads","Generate ideas and content for TV advertisements.",tv_ads,1,"[{""name"":""ad_content"",""type"":""textarea"",""question"":""Ad Content"",""select"":""""}]","<svg xmlns=""http://www.w3.org/2000/svg"" viewBox=""0 0 24 24"" width=""48"" height=""48""><path d=""M4 4h16v2H4V4zm0 6h16v2H4V10zm0 6h16v2H4v-2zm0 6h16v2H4v-2zm0 4h16v2H4v-2z""/></svg>",0,text,"Generate ideas and content for TV advertisements: **ad_content**.",1,0,#F1C40F,advertising,NULL,2025-09-26T14:23:57.000000Z,2025-09-26T14:23:57.000000Z
125,NULL,"Youtube Ads","Generate ideas and content for YouTube advertisements.",youtube_ads,1,"[{""name"":""ad_content"",""type"":""textarea"",""question"":""Ad Content"",""select"":""""}]","<svg xmlns=""http://www.w3.org/2000/svg"" viewBox=""0 0 24 24"" width=""48"" height=""48""><path d=""M4 4h16v2H4V4zm0 6h16v2H4V10zm0 6h16v2H4v-2zm0 6h16v2H4v-2zm0 4h16v2H4v-2z""/></svg>",0,text,"Generate ideas and content for YouTube advertisements: **ad_content**.",1,0,#C2D6D6,advertising,NULL,2025-09-26T14:23:58.000000Z,2025-09-26T14:23:58.000000Z
126,NULL,Translate,"Translate text from one language to another.",translate,1,"[{""name"":""source_language"",""type"":""text"",""question"":""Source Language"",""select"":""""},{""name"":""target_language"",""type"":""text"",""question"":""Target Language"",""select"":""""},{""name"":""text"",""type"":""textarea"",""question"":""Text to Translate"",""select"":""""}]","<svg xmlns=""http://www.w3.org/2000/svg"" viewBox=""0 0 24 24"" width=""48"" height=""48""><path d=""M4 4h16v2H4V4zm0 6h16v2H4V10zm0 6h16v2H4v-2zm0 6h16v2H4v-2zm0 4h16v2H4v-2z""/></svg>",0,text,"Translate the text **text** from **source_language** to **target_language**.",1,0,#F1C40F,languages,NULL,2025-09-26T14:23:58.000000Z,2025-09-26T14:23:58.000000Z
127,NULL,"Grammar Check","Check grammar and provide suggestions for improvement.",grammar_check,1,"[{""name"":""text"",""type"":""textarea"",""question"":""Text to Check"",""select"":""""}]","<svg xmlns=""http://www.w3.org/2000/svg"" viewBox=""0 0 24 24"" width=""48"" height=""48""><path d=""M4 4h16v2H4V4zm0 6h16v2H4V10zm0 6h16v2H4v-2zm0 6h16v2H4v-2zm0 4h16v2H4v-2z""/></svg>",0,text,"Check the grammar of the text **text** and provide suggestions for improvement.",1,0,#C2D6D6,languages,NULL,2025-09-26T14:23:59.000000Z,2025-09-26T14:23:59.000000Z
128,NULL,"List Synonyms","Generate a list of synonyms for a given word.",list_synonyms,1,"[{""name"":""word"",""type"":""text"",""question"":""Word"",""select"":""""}]","<svg xmlns=""http://www.w3.org/2000/svg"" viewBox=""0 0 24 24"" width=""48"" height=""48""><path d=""M4 4h16v2H4V4zm0 6h16v2H4V10zm0 6h16v2H4v-2zm0 6h16v2H4v-2zm0 4h16v2H4v-2z""/></svg>",0,text,"Generate a list of synonyms for the word **word**.",1,0,#D6A3A3,languages,NULL,2025-09-26T14:23:59.000000Z,2025-09-26T14:23:59.000000Z
129,NULL,"Learn New Words","Discover and learn new words with their meanings and usage.",learn_new_words,1,"[{""name"":""topic"",""type"":""text"",""question"":""Topic"",""select"":""""}]","<svg xmlns=""http://www.w3.org/2000/svg"" viewBox=""0 0 24 24"" width=""48"" height=""48""><path d=""M4 4h16v2H4V4zm0 6h16v2H4V10zm0 6h16v2H4v-2zm0 6h16v2H4v-2zm0 4h16v2H4v-2z""/></svg>",0,text,"Discover and learn new words related to **topic** with their meanings and usage.",1,0,#3498DB,languages,NULL,2025-09-26T14:23:59.000000Z,2025-09-26T14:23:59.000000Z
130,NULL,"Bug Fix","Identify and fix bugs in code to improve functionality and performance.",bug_fix,1,"[{""name"":""issue_description"",""type"":""textarea"",""question"":""Issue Description"",""select"":""""}]","<svg xmlns=""http://www.w3.org/2000/svg"" viewBox=""0 0 24 24"" width=""48"" height=""48""><path d=""M19.707 4.293a1 1 0 00-1.414 0l-3.5 3.5A6.972 6.972 0 0012 4a7 7 0 00-7 7c0 3.128 2.053 5.862 5 6.75V18a1 1 0 002 0v-.25c2.947-.888 5-3.622 5-6.75a7 7 0 00-2.793-5.618l-3.5-3.5a1 1 0 00-1.414 1.414l3.5 3.5a4.976 4.976 0 011.914 3.328A5 5 0 0112 11a4.976 4.976 0 01-3.328-1.914A5 5 0 018 6a4.978 4.978 0 011.207-3.293A1 1 0 009.207.293 6.98 6.98 0 0112 0a7 7 0 017 7c0 2.562-1.373 4.832-3.414 6.064l-.5.436V14a1 1 0 00-2 0v1a1 1 0 001 1h4a1 1 0 000-2h-1V11h1a1 1 0 000-2h-1V8h1a1 1 0 000-2h-1V5a1 1 0 00.293-.707zM12 22a6.978 6.978 0 01-5.064-2.192l-2.686 2.686A1 1 0 004 23a1 1 0 00.707-1.707l2.636-2.636A7.015 7.015 0 014 17c0-3.86 3.14-7 7-7s7 3.14 7 7-3.14 7-7 7z""/></svg>",0,text,"Identify and fix the following issue: **issue_description**.",1,0,#F1C40F,development,NULL,2025-09-26T14:24:00.000000Z,2025-09-26T14:24:00.000000Z
131,NULL,"Explain Code","Provide explanations and clarifications on specific sections of code.",explain_code,1,"[{""name"":""code_section"",""type"":""textarea"",""question"":""Code Section"",""select"":""""}]","<svg xmlns=""http://www.w3.org/2000/svg"" viewBox=""0 0 24 24"" width=""48"" height=""48""><path d=""M19 2H5c-1.104 0-2 .896-2 2v16c0 1.104.896 2 2 2h14c1.104 0 2-.896 2-2V4c0-1.104-.896-2-2-2zm0 18H5V4h14v16z""/></svg>",0,text,"Provide explanations and clarifications on the following code section: **code_section**.",1,0,#C2D6D6,development,NULL,2025-09-26T14:24:00.000000Z,2025-09-26T14:24:00.000000Z
132,NULL,"Teach Code","Create educational materials and tutorials to teach coding concepts and techniques.",teach_code,1,"[{""name"":""concept"",""type"":""textarea"",""question"":""Concept"",""select"":""""}]","<svg xmlns=""http://www.w3.org/2000/svg"" viewBox=""0 0 24 24"" width=""48"" height=""48""><path d=""M12 2C6.488 2 2 6.488 2 12s4.488 10 10 10 10-4.488 10-10S17.512 2 12 2zm0 18.25c-4.525 0-8.25-3.725-8.25-8.25S7.475 3.75 12 3.75 20.25 7.475 20.25 12 16.525 20.25 12 20.25zm-.24-9.504l-4.536 4.537L6.88 13.68l4.397-4.395-1.01-1.01-4.88 4.88 4.88 4.88 1.01-1.01-4.395-4.397 1.057-1.057 4.537 4.537 1.414-1.414z""/></svg>",0,text,"Create educational materials and tutorials to teach the coding concept: **concept**.",1,0,#D6A3A3,development,NULL,2025-09-26T14:24:01.000000Z,2025-09-26T14:24:01.000000Z
133,NULL,"Changelog Creator","Generate changelogs to document updates and modifications in software or projects.",changelog_creator_dev,1,"[{""name"":""version"",""type"":""text"",""question"":""Version"",""select"":""""},{""name"":""changes"",""type"":""textarea"",""question"":""Changes"",""select"":""""}]","<svg xmlns=""http://www.w3.org/2000/svg"" viewBox=""0 0 24 24"" width=""48"" height=""48""><path d=""M20 2H4a2 2 0 00-2 2v16a2 2 0 002 2h14a2 2 0 002-2V4a2 2 0 00-2-2zm0 18H4V4h14v16zm-4-5H9v-2h6v2zm0-4H9V9h6v2zm0-4H9V5h6v2z""/></svg>",0,text,"Generate a changelog for version **version** documenting the following changes: **changes**.",1,0,#3498DB,development,NULL,2025-09-26T14:24:01.000000Z,2025-09-26T14:24:01.000000Z
134,NULL,"Welcome Email","Craft a warm and engaging email to welcome new subscribers or users.",welcome_email,1,"[{""name"":""recipient_name"",""type"":""text"",""question"":""Recipient Name"",""select"":""""}]","<svg xmlns=""http://www.w3.org/2000/svg"" viewBox=""0 0 24 24"" width=""48"" height=""48""><path d=""M22 2H2C.894 2 0 2.894 0 4v16c0 1.106.894 2 2 2h20c1.106 0 2-.894 2-2V4c0-1.106-.894-2-2-2zm0 4L12 13 2 6v2l10 7 10-7V6z""/></svg>",0,text,"Craft a warm welcome email for **recipient_name**.",1,0,#D6A3A3,email,NULL,2025-09-26T14:24:01.000000Z,2025-09-26T14:24:01.000000Z
135,NULL,"Invitation Mail","Create an inviting email to send out invitations for events, gatherings, or meetings.",invitation_mail,1,"[{""name"":""event_name"",""type"":""text"",""question"":""Event Name"",""select"":""""},{""name"":""event_date"",""type"":""text"",""question"":""Event Date"",""select"":""""}]","<svg xmlns=""http://www.w3.org/2000/svg"" viewBox=""0 0 24 24"" width=""48"" height=""48""><path d=""M19 4H5a2 2 0 00-2 2v12a2 2 0 002 2h14a2 2 0 002-2V6a2 2 0 00-2-2zm0 4l-7 5-7-5V6l7 5 7-5v2z""/></svg>",0,text,"Create an inviting email for **event_name** happening on **event_date**.",1,0,#3498DB,email,NULL,2025-09-26T14:24:02.000000Z,2025-09-26T14:24:02.000000Z
136,NULL,"Follow up Email","Craft a follow-up email to reconnect with clients, customers, or contacts.",follow_up_email,1,"[{""name"":""recipient_name"",""type"":""text"",""question"":""Recipient Name"",""select"":""""},{""name"":""reason"",""type"":""textarea"",""question"":""Reason for Follow-up"",""select"":""""}]","<svg xmlns=""http://www.w3.org/2000/svg"" viewBox=""0 0 24 24"" width=""48"" height=""48""><path d=""M22 2H2C.894 2 0 2.894 0 4v16c0 1.106.894 2 2 2h20c1.106 0 2-.894 2-2V4c0-1.106-.894-2-2-2zm0 4L12 13 2 6v2l10 7 10-7V6z""/></svg>",0,text,"Craft a follow-up email for **recipient_name** regarding **reason**.",1,0,#F1C40F,email,NULL,2025-09-26T14:24:02.000000Z,2025-09-26T14:24:02.000000Z
137,NULL,"Reply Email","Compose a professional email response to reply to inquiries, questions, or requests.",reply_email,1,"[{""name"":""sender_name"",""type"":""text"",""question"":""Sender Name"",""select"":""""},{""name"":""subject"",""type"":""text"",""question"":""Subject"",""select"":""""},{""name"":""message"",""type"":""textarea"",""question"":""Message"",""select"":""""}]","<svg xmlns=""http://www.w3.org/2000/svg"" viewBox=""0 0 24 24"" width=""48"" height=""48""><path d=""M22 2H2C.894 2 0 2.894 0 4v16c0 1.106.894 2 2 2h20c1.106 0 2-.894 2-2V4c0-1.106-.894-2-2-2zm0 4L12 13 2 6v2l10 7 10-7V6z""/></svg>",0,text,"Compose a professional email response to **sender_name** regarding the subject **subject**. Message: **message**.",1,0,#C2D6D6,email,NULL,2025-09-26T14:24:03.000000Z,2025-09-26T14:24:03.000000Z
138,NULL,Newsletter,"Design and create a newsletter to share updates, news, or promotions with subscribers.",newsletter,1,"[{""name"":""topic"",""type"":""text"",""question"":""Newsletter Topic"",""select"":""""},{""name"":""content"",""type"":""textarea"",""question"":""Newsletter Content"",""select"":""""}]","<svg xmlns=""http://www.w3.org/2000/svg"" viewBox=""0 0 24 24"" width=""48"" height=""48""><path d=""M15.414 3H2a1 1 0 00-1 1v16a1 1 0 001 1h18a1 1 0 001-1V7.586L15.414 3zM20 18H4V6h11.414L20 9.586V18zm-8-4h-4v2h4v-2zm0-4h-4v2h4v-2zm0-4h-4v2h4V6z""/></svg>",0,text,"Design and create a newsletter on **topic**. Content: **content**.",1,0,#F1C40F,email,NULL,2025-09-26T14:24:03.000000Z,2025-09-26T14:24:03.000000Z
139,NULL,"Press Release","Write a press release to announce new products, events, or company updates.",press_release,1,"[{""name"":""announcement"",""type"":""textarea"",""question"":""Announcement"",""select"":""""}]","<svg xmlns=""http://www.w3.org/2000/svg"" viewBox=""0 0 24 24"" width=""48"" height=""48""><path d=""M22 2H2C.894 2 0 2.894 0 4v16c0 1.106.894 2 2 2h20c1.106 0 2-.894 2-2V4c0-1.106-.894-2-2-2zm0 4L12 13 2 6v2l10 7 10-7V6z""/></svg>",0,text,"Write a press release to announce: **announcement**.",1,0,#D6A3A3,email,NULL,2025-09-26T14:24:03.000000Z,2025-09-26T14:24:03.000000Z
140,NULL,"Cold Email","Create an effective cold email to reach out to potential clients or partners.",cold_email,1,"[{""name"":""recipient_name"",""type"":""text"",""question"":""Recipient Name"",""select"":""""},{""name"":""reason"",""type"":""textarea"",""question"":""Reason for Contact"",""select"":""""}]","<svg xmlns=""http://www.w3.org/2000/svg"" viewBox=""0 0 24 24"" width=""48"" height=""48""><path d=""M22 2H2C.894 2 0 2.894 0 4v16c0 1.106.894 2 2 2h20c1.106 0 2-.894 2-2V4c0-1.106-.894-2-2-2zm0 4L12 13 2 6v2l10 7 10-7V6z""/></svg>",0,text,"Create an effective cold email to reach out to **recipient_name** regarding **reason**.",1,0,#3498DB,email,NULL,2025-09-26T14:24:04.000000Z,2025-09-26T14:24:04.000000Z
141,NULL,"Create a Workout Plan","Design a personalized workout plan tailored to individual needs and fitness goals.",workout_plan,1,"[{""name"":""fitness_goals"",""type"":""textarea"",""question"":""Fitness Goals"",""select"":""""},{""name"":""current_fitness_level"",""type"":""text"",""question"":""Current Fitness Level"",""select"":""""}]","<svg xmlns=""http://www.w3.org/2000/svg"" viewBox=""0 0 24 24"" width=""48"" height=""48""><path d=""M20 2H4c-1.105 0-2 .895-2 2v18c0 1.105.895 2 2 2h16c1.105 0 2-.895 2-2V4c0-1.105-.895-2-2-2zm0 4l-8 5-8-5V4l8 5 8-5v2z""/></svg>",0,text,"Design a personalized workout plan to achieve **fitness_goals** considering your **current_fitness_level**.",1,0,#D6A3A3,"fitness & health",NULL,2025-09-26T14:24:04.000000Z,2025-09-26T14:24:04.000000Z
142,NULL,"Create a Meal Plan","Develop a customized meal plan based on dietary preferences, nutritional needs, and health goals.",meal_plan,1,"[{""name"":""dietary_preferences"",""type"":""text"",""question"":""Dietary Preferences"",""select"":""""},{""name"":""health_goals"",""type"":""textarea"",""question"":""Health Goals"",""select"":""""}]","<svg xmlns=""http://www.w3.org/2000/svg"" viewBox=""0 0 24 24"" width=""48"" height=""48""><path d=""M20 2H4c-1.105 0-2 .895-2 2v18c0 1.105.895 2 2 2h16c1.105 0 2-.895 2-2V4c0-1.105-.895-2-2-2zm0 4l-8 5-8-5V4l8 5 8-5v2z""/></svg>",0,text,"Develop a customized meal plan based on **dietary_preferences** to achieve **health_goals**.",1,0,#3498DB,"fitness & health",NULL,2025-09-26T14:24:05.000000Z,2025-09-26T14:24:05.000000Z
143,NULL,eBook,"Generate a complete eBook on any topic of your choice.",ebook,1,"[{""name"":""topic"",""type"":""text"",""question"":""Topic"",""select"":""""},{""name"":""audience"",""type"":""text"",""question"":""Audience"",""select"":""""}]","<svg xmlns=""http://www.w3.org/2000/svg"" viewBox=""0 0 24 24"" width=""48"" height=""48""><path d=""M20 2H4c-1.105 0-2 .895-2 2v16c0 1.105.895 2 2 2h16c1.105 0 2-.895 2-2V4c0-1.105-.895-2-2-2zm0 4l-8 5-8-5V4l8 5 8-5v2z""/></svg>",0,text,"Generate a complete eBook on the topic **topic** for the **audience** audience.",1,0,#F1C40F,writer,NULL,2025-09-26T14:24:05.000000Z,2025-09-26T14:24:05.000000Z
144,NULL,Paragraph,"Generate a well-written paragraph on any given topic.",paragraph,1,"[{""name"":""topic"",""type"":""textarea"",""question"":""Topic"",""select"":""""}]","<svg xmlns=""http://www.w3.org/2000/svg"" viewBox=""0 0 24 24"" width=""48"" height=""48""><path d=""M20 2H4c-1.105 0-2 .895-2 2v16c0 1.105.895 2 2 2h16c1.105 0 2-.895 2-2V4c0-1.105-.895-2-2-2zm0 4l-8 5-8-5V4l8 5 8-5v2z""/></svg>",0,text,"Generate a well-written paragraph on the topic **topic**.",1,0,#C2D6D6,writer,NULL,2025-09-26T14:24:06.000000Z,2025-09-26T14:24:06.000000Z
145,NULL,"Story Generator","Generate creative story ideas or complete stories based on provided prompts.",story_generator,1,"[{""name"":""prompt"",""type"":""textarea"",""question"":""Prompt"",""select"":""""}]","<svg xmlns=""http://www.w3.org/2000/svg"" viewBox=""0 0 24 24"" width=""48"" height=""48""><path d=""M20 2H4c-1.105 0-2 .895-2 2v16c0 1.105.895 2 2 2h16c1.105 0 2-.895 2-2V4c0-1.105-.895-2-2-2zm0 4l-8 5-8-5V4l8 5 8-5v2z""/></svg>",0,text,"Generate creative story ideas or complete stories based on the provided prompt: **prompt**.",1,0,#D6A3A3,writer,NULL,2025-09-26T14:24:06.000000Z,2025-09-26T14:24:06.000000Z
146,NULL,"Book Ideas","Generate ideas for new books or novels based on specified themes or genres.",book_ideas,1,"[{""name"":""theme"",""type"":""text"",""question"":""Theme"",""select"":""""}]","<svg xmlns=""http://www.w3.org/2000/svg"" viewBox=""0 0 24 24"" width=""48"" height=""48""><path d=""M20 2H4c-1.105 0-2 .895-2 2v16c0 1.105.895 2 2 2h16c1.105 0 2-.895 2-2V4c0-1.105-.895-2-2-2zm0 4l-8 5-8-5V4l8 5 8-5v2z""/></svg>",0,text,"Generate ideas for new books or novels based on the theme **theme**.",1,0,#3498DB,writer,NULL,2025-09-26T14:24:06.000000Z,2025-09-26T14:24:06.000000Z
147,NULL,"Content Improver","Enhance the quality and readability of existing content by providing suggestions for improvement.",content_improver,1,"[{""name"":""content"",""type"":""textarea"",""question"":""Content"",""select"":""""}]","<svg xmlns=""http://www.w3.org/2000/svg"" viewBox=""0 0 24 24"" width=""48"" height=""48""><path d=""M20 2H4c-1.105 0-2 .895-2 2v16c0 1.105.895 2 2 2h16c1.105 0 2-.895 2-2V4c0-1.105-.895-2-2-2zm0 4l-8 5-8-5V4l8 5 8-5v2z""/></svg>",0,text,"Enhance the quality and readability of the provided content: **content**.",1,0,#F1C40F,writer,NULL,2025-09-26T14:24:07.000000Z,2025-09-26T14:24:07.000000Z
148,NULL,"Explain to a Child","Simplify complex topics or concepts to make them understandable to children.",explain_to_child,1,"[{""name"":""topic"",""type"":""textarea"",""question"":""Topic"",""select"":""""}]","<svg xmlns=""http://www.w3.org/2000/svg"" viewBox=""0 0 24 24"" width=""48"" height=""48""><path d=""M20 2H4c-1.105 0-2 .895-2 2v16c0 1.105.895 2 2 2h16c1.105 0 2-.895 2-2V4c0-1.105-.895-2-2-2zm0 4l-8 5-8-5V4l8 5 8-5v2z""/></svg>",0,text,"Simplify the topic **topic** to make it understandable to children.",1,0,#F1C40F,misc,NULL,2025-09-26T14:24:07.000000Z,2025-09-26T14:24:07.000000Z
149,NULL,"Write News From a Journalist Point of View","Craft news articles from the perspective of a journalist.",write_news_journalist_view,1,"[{""name"":""topic"",""type"":""textarea"",""question"":""Topic"",""select"":""""}]","<svg xmlns=""http://www.w3.org/2000/svg"" viewBox=""0 0 24 24"" width=""48"" height=""48""><path d=""M20 2H4c-1.105 0-2 .895-2 2v16c0 1.105.895 2 2 2h16c1.105 0 2-.895 2-2V4c0-1.105-.895-2-2-2zm0 4l-8 5-8-5V4l8 5 8-5v2z""/></svg>",0,text,"Write a news article from the perspective of a journalist on the topic **topic**.",1,0,#C2D6D6,misc,NULL,2025-09-26T14:24:08.000000Z,2025-09-26T14:24:08.000000Z
150,NULL,"Generate From RSS Feed","Generate content based on the information extracted from a provided RSS feed.",generate_from_rss_feed,1,"[{""name"":""rss_feed_url"",""type"":""text"",""question"":""RSS Feed URL"",""select"":""""}]","<svg xmlns=""http://www.w3.org/2000/svg"" viewBox=""0 0 24 24"" width=""48"" height=""48""><path d=""M20 2H4c-1.105 0-2 .895-2 2v16c0 1.105.895 2 2 2h16c1.105 0 2-.895 2-2V4c0-1.105-.895-2-2-2zm0 4l-8 5-8-5V4l8 5 8-5v2z""/></svg>",0,text,"Generate content based on the information extracted from the provided RSS feed: **rss_feed_url**.",1,0,#D6A3A3,misc,NULL,2025-09-26T14:24:08.000000Z,2025-09-26T14:24:08.000000Z
151,NULL,"Undetectable AI","Generate content or responses that are indistinguishable from human-generated content.",undetectable_ai,1,"[{""name"":""prompt"",""type"":""textarea"",""question"":""Prompt"",""select"":""""}]","<svg xmlns=""http://www.w3.org/2000/svg"" viewBox=""0 0 24 24"" width=""48"" height=""48""><path d=""M20 2H4c-1.105 0-2 .895-2 2v16c0 1.105.895 2 2 2h16c1.105 0 2-.895 2-2V4c0-1.105-.895-2-2-2zm0 4l-8 5-8-5V4l8 5 8-5v2z""/></svg>",0,text,"Generate content or responses that are indistinguishable from human-generated content based on the provided prompt: **prompt**.",1,0,#3498DB,misc,NULL,2025-09-26T14:24:09.000000Z,2025-09-26T14:24:09.000000Z
152,NULL,"Pros and Cons","Generate a list of pros and cons for any given topic.",pros_and_cons,1,"[{""name"":""topic"",""type"":""textarea"",""question"":""Topic"",""select"":""""}]","<svg xmlns=""http://www.w3.org/2000/svg"" viewBox=""0 0 24 24"" width=""48"" height=""48""><path d=""M20 2H4c-1.105 0-2 .895-2 2v16c0 1.105.895 2 2 2h16c1.105 0 2-.895 2-2V4c0-1.105-.895-2-2-2zm0 4l-8 5-8-5V4l8 5 8-5v2z""/></svg>",0,text,"Generate a list of pros and cons for the topic **topic**.",1,0,#F1C40F,misc,NULL,2025-09-26T14:24:09.000000Z,2025-09-26T14:24:09.000000Z
153,NULL,"Real Estate Listing","Generate real estate listings for properties based on specified criteria.",real_estate_listing,1,"[{""name"":""criteria"",""type"":""textarea"",""question"":""Criteria"",""select"":""""}]","<svg xmlns=""http://www.w3.org/2000/svg"" viewBox=""0 0 24 24"" width=""48"" height=""48""><path d=""M20 2H4c-1.105 0-2 .895-2 2v16c0 1.105.895 2 2 2h16c1.105 0 2-.895 2-2V4c0-1.105-.895-2-2-2zm0 4l-8 5-8-5V4l8 5 8-5v2z""/></svg>",0,text,"Generate real estate listings for properties based on the following criteria: **criteria**.",1,0,#C2D6D6,misc,NULL,2025-09-26T14:24:09.000000Z,2025-09-26T14:24:09.000000Z
154,NULL,"Prompt Generator","Generate creative prompts to inspire writing, brainstorming, or idea generation.",prompt_generator,1,"[{""name"":""type"",""type"":""text"",""question"":""Type"",""select"":""""}]","<svg xmlns=""http://www.w3.org/2000/svg"" viewBox=""0 0 24 24"" width=""48"" height=""48""><path d=""M20 2H4c-1.105 0-2 .895-2 2v16c0 1.105.895 2 2 2h16c1.105 0 2-.895 2-2V4c0-1.105-.895-2-2-2zm0 4l-8 5-8-5V4l8 5 8-5v2z""/></svg>",0,text,"Generate creative prompts of type **type** to inspire writing, brainstorming, or idea generation.",1,0,#D6A3A3,misc,NULL,2025-09-26T14:24:10.000000Z,2025-09-26T14:24:10.000000Z
155,NULL,"AI Image Generator","Create stunning images in seconds.",ai_image_generator,1,"[{""name"":""description"",""type"":""textarea"",""question"":""Describe the Image"",""select"":""""},{""name"":""size"",""type"":""select"",""question"":""Image Resolution"",""select"":""<option value='256x256'>256x256</option><option value='512x512'>512x512</option><option value='1024x1024'>1024x1024</option>""}]","<svg xmlns=""http://www.w3.org/2000/svg"" height=""48"" viewBox=""0 96 960 960"" width=""48""><path d=""M180 936q-24 0-42-18t-18-42V276q0-24 18-42t42-18h600q24 0 42 18t18 42v600q0 24-18 42t-42 18H180Zm56-157h489L578 583 446 754l-93-127-117 152Z""/></svg>",0,image,NULL,0,0,#D1C5DE,development,NULL,2025-09-26T14:24:10.000000Z,2025-09-26T14:24:10.000000Z
